{
"type": "FeatureCollection",
"name": "safety_score_polygons",
"crs": { "type": "name", "properties": { "name": "urn:ogc:def:crs:OGC:1.3:CRS84" } },
"features": [
{ "type": "Feature", "properties": { "ADM_NM": "상계1동", "dong_group": "상계동", "safety_score": 76.8, "cctv": 371.0, "light": 482.0, "bell": 5.0, "police": 1.0 }, "geometry": { "type": "Polygon", "coordinates": [ [ [ 127.083852831491541, 37.693866662104568 ], [ 127.083878323437247, 37.692792123037449 ], [ 127.083895504351005, 37.692142341934534 ], [ 127.083905019563318, 37.691782452320439 ], [ 127.084814066917914, 37.690787355295718 ], [ 127.085030966929054, 37.69054991937729 ], [ 127.085177196506422, 37.690389849932586 ], [ 127.085123416833383, 37.690337985604245 ], [ 127.084924007398499, 37.690145673429775 ], [ 127.084602774446552, 37.689835863304118 ], [ 127.084500309253315, 37.689737040864024 ], [ 127.082879794689546, 37.688964587907563 ], [ 127.082419261336341, 37.688511175473359 ], [ 127.081529612830579, 37.688161801449333 ], [ 127.079467555555468, 37.687973986219966 ], [ 127.078669616082252, 37.687431533303069 ], [ 127.078486703839317, 37.687073698101081 ], [ 127.078109122407454, 37.686615269921369 ], [ 127.077371806520162, 37.685720064328329 ], [ 127.0766447450751, 37.685593669388403 ], [ 127.076508967958375, 37.68557006362564 ], [ 127.0763986357004, 37.685379335797414 ], [ 127.075772818974215, 37.68512511166842 ], [ 127.075601281649639, 37.685055427212681 ], [ 127.075627448291286, 37.684947601285018 ], [ 127.075829608104073, 37.684114568427233 ], [ 127.075919468587188, 37.68374427821233 ], [ 127.0756991886457, 37.68303166773034 ], [ 127.075652901099204, 37.682881920577763 ], [ 127.075493500652428, 37.682366254380923 ], [ 127.075395437392288, 37.682049017203454 ], [ 127.075377342314141, 37.681989221651115 ], [ 127.075348750582009, 37.681897900249368 ], [ 127.075316679503686, 37.681795440261816 ], [ 127.075287359632185, 37.681701766446622 ], [ 127.075242749515496, 37.681559247522017 ], [ 127.075174251538527, 37.681393979424989 ], [ 127.074875562432339, 37.680812388125581 ], [ 127.074796459387656, 37.680658360840503 ], [ 127.074739916698221, 37.680548264686102 ], [ 127.074471816339965, 37.680165878885489 ], [ 127.074248353289875, 37.679882707375384 ], [ 127.074084901018338, 37.679670322021352 ], [ 127.073995464218854, 37.679554106526119 ], [ 127.073924626577721, 37.679351781723433 ], [ 127.073912892464847, 37.679318272841989 ], [ 127.07385374466152, 37.67914933322966 ], [ 127.073846238479106, 37.679040864945023 ], [ 127.073833394535285, 37.678855242200484 ], [ 127.073782578428649, 37.678787321594491 ], [ 127.073548947806714, 37.678486649539806 ], [ 127.073436243009226, 37.678341060650887 ], [ 127.073308078102116, 37.678175501667944 ], [ 127.073347551994999, 37.677895456087832 ], [ 127.073385050454377, 37.677637529259776 ], [ 127.073577256987249, 37.677468634930094 ], [ 127.073736419926803, 37.677328777181827 ], [ 127.073799394916719, 37.677273442089991 ], [ 127.073816247349285, 37.677258633695487 ], [ 127.073780371422757, 37.677220547107424 ], [ 127.073697598154396, 37.677132669006824 ], [ 127.073266642642011, 37.676689347266766 ], [ 127.072622425698185, 37.676021405211394 ], [ 127.072513733500159, 37.675907918302137 ], [ 127.072182095934238, 37.67556165023332 ], [ 127.071829188328621, 37.675193167254655 ], [ 127.071052449413486, 37.674377608873691 ], [ 127.070393796015452, 37.674306771513066 ], [ 127.070019034415438, 37.674266465538615 ], [ 127.069666460029666, 37.674226666561793 ], [ 127.068838009027559, 37.674039696776596 ], [ 127.068698774025052, 37.674008272858096 ], [ 127.068358843841665, 37.673931552525531 ], [ 127.067764483617481, 37.674099525052277 ], [ 127.067241534999511, 37.673947949991849 ], [ 127.066774379027493, 37.67388802235056 ], [ 127.066614660980406, 37.673867531423809 ], [ 127.066598253444369, 37.673814510580819 ], [ 127.066450247153313, 37.673336230113556 ], [ 127.06640256247131, 37.673189139253687 ], [ 127.066371017068491, 37.673091840592434 ], [ 127.066365255637862, 37.673074067645238 ], [ 127.066159352797158, 37.67243758091 ], [ 127.066033395174301, 37.672048212769504 ], [ 127.066010765319277, 37.671978256309878 ], [ 127.066003935067585, 37.671979703956538 ], [ 127.065992327256112, 37.671982166951139 ], [ 127.065966951041844, 37.671828105937784 ], [ 127.065962257015741, 37.671799595701145 ], [ 127.065866005124818, 37.671215166336715 ], [ 127.0657773810874, 37.671249263839449 ], [ 127.065772805605732, 37.67125102442489 ], [ 127.065721150163952, 37.67127089883261 ], [ 127.065652688224901, 37.671180144705552 ], [ 127.065626236168413, 37.671145066523849 ], [ 127.065624049045937, 37.671140551799823 ], [ 127.065596147545733, 37.671082961065395 ], [ 127.065459616276001, 37.670801202304638 ], [ 127.064696189327833, 37.67055011658551 ], [ 127.064560710561977, 37.670546772790281 ], [ 127.06375430176611, 37.670526875773795 ], [ 127.062759388792685, 37.670761703587843 ], [ 127.061813992165796, 37.671182170792633 ], [ 127.061631602513899, 37.671263286379208 ], [ 127.06139855088712, 37.671605576626938 ], [ 127.061235121067639, 37.671857786543697 ], [ 127.061249356774837, 37.671911298497967 ], [ 127.061352803786235, 37.672300131901359 ], [ 127.061364329593786, 37.672341686583785 ], [ 127.061435789910234, 37.672599320898122 ], [ 127.061221275241621, 37.672739478089611 ], [ 127.060805044339034, 37.672687601129091 ], [ 127.06002739137233, 37.67236669521143 ], [ 127.05998689976839, 37.672348335418306 ], [ 127.059876725992979, 37.672286734616556 ], [ 127.059847168523916, 37.672270209230419 ], [ 127.059808740776717, 37.672367415242611 ], [ 127.059632255928634, 37.672258995709264 ], [ 127.059610767332956, 37.672245796566862 ], [ 127.059545314137807, 37.672205587028564 ], [ 127.059384878329766, 37.672107030861191 ], [ 127.059058587036205, 37.671906586109174 ], [ 127.05905553647122, 37.671904712549455 ], [ 127.058997679494453, 37.671869215335455 ], [ 127.058764750813097, 37.671726074985521 ], [ 127.058700679402776, 37.671687634056312 ], [ 127.058687216352581, 37.671679551899516 ], [ 127.058590986444742, 37.671621778655052 ], [ 127.058548405301281, 37.671504914617834 ], [ 127.058514084402645, 37.67148021940725 ], [ 127.05829581598266, 37.671323159626795 ], [ 127.058260856172367, 37.671298004072007 ], [ 127.058242011229169, 37.671284434217782 ], [ 127.058240906934756, 37.671283642316148 ], [ 127.05822472892396, 37.671272000485843 ], [ 127.058104820920775, 37.671210430066118 ], [ 127.058079168913054, 37.671197261013106 ], [ 127.058014758114126, 37.671164175965274 ], [ 127.057855849745664, 37.671082577520771 ], [ 127.057740198641142, 37.671023191296364 ], [ 127.05769475536998, 37.670999855714584 ], [ 127.057611484992407, 37.670957094207743 ], [ 127.057585627431081, 37.67094381611625 ], [ 127.057566658164447, 37.670937852943382 ], [ 127.057408418695942, 37.670888132068626 ], [ 127.057328812359771, 37.670863118752003 ], [ 127.057315833824632, 37.670859040178108 ], [ 127.057141450527183, 37.670804239726465 ], [ 127.056967096926968, 37.670749446339364 ], [ 127.056248235012362, 37.670523548498366 ], [ 127.056247033039611, 37.670523169922689 ], [ 127.056237181809834, 37.670520072831067 ], [ 127.056241604257707, 37.670500815351097 ], [ 127.056156935429144, 37.670510318598595 ], [ 127.056028312403654, 37.670524752482699 ], [ 127.055909150322833, 37.670538123123237 ], [ 127.055603047960929, 37.670572472824702 ], [ 127.05524676955848, 37.670612452448637 ], [ 127.055217885022216, 37.670615692882912 ], [ 127.055123357796646, 37.670626301101677 ], [ 127.055060724292829, 37.670633329589734 ], [ 127.054952838388232, 37.670645433064024 ], [ 127.0548113248813, 37.670661310488804 ], [ 127.054540683922681, 37.670691677586873 ], [ 127.054362585628184, 37.670711661574913 ], [ 127.054311288622017, 37.670717422859028 ], [ 127.054256017980308, 37.670723621573103 ], [ 127.054085335888558, 37.670742768790255 ], [ 127.054051406417358, 37.670746576633377 ], [ 127.054040136677173, 37.670747842758928 ], [ 127.053954385939363, 37.670757466519326 ], [ 127.053696609437225, 37.670786385015518 ], [ 127.053619827232367, 37.670794997822988 ], [ 127.053587350113858, 37.670798643381005 ], [ 127.053467177273944, 37.670812130307134 ], [ 127.053265209074056, 37.670834786654595 ], [ 127.053252831857122, 37.670836175598147 ], [ 127.05312353600813, 37.670850680375509 ], [ 127.052789752596667, 37.670888125731175 ], [ 127.052782264765085, 37.670888964422552 ], [ 127.052716535336216, 37.670896347669427 ], [ 127.052521672133878, 37.670918207669793 ], [ 127.052454371196603, 37.670925751554883 ], [ 127.052375487222747, 37.670934605245506 ], [ 127.052346435646115, 37.670937863269778 ], [ 127.052181303505762, 37.670956388845589 ], [ 127.052056948834746, 37.670970340668823 ], [ 127.051829396928781, 37.670995866380906 ], [ 127.051793254574008, 37.670999922045148 ], [ 127.051775891578941, 37.671001471252332 ], [ 127.051764273914245, 37.671002504195243 ], [ 127.05135772966787, 37.671038760410831 ], [ 127.051252040405899, 37.671048184680494 ], [ 127.05095764740679, 37.671074435932539 ], [ 127.050920053259588, 37.671077784564297 ], [ 127.050874544499564, 37.671081846646395 ], [ 127.050859720561689, 37.671083171040308 ], [ 127.05077620016263, 37.671090612542983 ], [ 127.05058916403469, 37.671107295760144 ], [ 127.050093182613352, 37.671151521596016 ], [ 127.050038688199962, 37.671156381009745 ], [ 127.050024703809015, 37.671157628282785 ], [ 127.05002053094789, 37.671158001738853 ], [ 127.049976556022884, 37.671161922408572 ], [ 127.049845611461365, 37.671173597927066 ], [ 127.049770793943694, 37.671180265239009 ], [ 127.049671678981056, 37.671189102082735 ], [ 127.049650482260105, 37.671188931016474 ], [ 127.049613077597272, 37.67118867642403 ], [ 127.049529153062906, 37.671187899846203 ], [ 127.049323880775333, 37.671188036833641 ], [ 127.048932684381086, 37.671188144879345 ], [ 127.048158198549586, 37.671188356723874 ], [ 127.048178993286726, 37.671324962239844 ], [ 127.048189146390882, 37.671394188376894 ], [ 127.048207893299917, 37.671522010658244 ], [ 127.048232943147482, 37.671698392969304 ], [ 127.048241386038143, 37.671756637012557 ], [ 127.048256051660672, 37.671857775901131 ], [ 127.048281501795202, 37.672058511945302 ], [ 127.048294689680361, 37.672157831682284 ], [ 127.048305782729855, 37.672241326799643 ], [ 127.048305916378496, 37.672242288132608 ], [ 127.048320025889041, 37.672342599254506 ], [ 127.048346196859214, 37.672450652143702 ], [ 127.04839384884383, 37.672647134144476 ], [ 127.048407064374302, 37.67270020656553 ], [ 127.048413159152204, 37.672723448241491 ], [ 127.048434435295732, 37.67280452078753 ], [ 127.048434948481173, 37.672806474138412 ], [ 127.048487249276334, 37.672970538518747 ], [ 127.048513407826633, 37.673055263011712 ], [ 127.048573750153324, 37.673245678856588 ], [ 127.048584582194181, 37.67327967893744 ], [ 127.048594275857312, 37.673310103578878 ], [ 127.048651380725062, 37.673489350286701 ], [ 127.04867472515599, 37.673562462010466 ], [ 127.048693550301081, 37.673621419930072 ], [ 127.04869735744559, 37.673633335698142 ], [ 127.048748489026949, 37.673794606744757 ], [ 127.048751001908826, 37.673809400021618 ], [ 127.048748010472082, 37.673951150216169 ], [ 127.048744621893889, 37.674075899749681 ], [ 127.048742743069738, 37.674153016009761 ], [ 127.048741077360091, 37.67422995642292 ], [ 127.048738621187908, 37.674343608702586 ], [ 127.048737255682525, 37.674433516835833 ], [ 127.048736251356431, 37.674499550043457 ], [ 127.048734577622739, 37.674792015314253 ], [ 127.04876491399952, 37.674892583115934 ], [ 127.048802824411183, 37.675018240539167 ], [ 127.048842247752503, 37.675145012374522 ], [ 127.048844396817756, 37.675151917593176 ], [ 127.048894584827963, 37.675242246440419 ], [ 127.048928444426863, 37.675303185254521 ], [ 127.049030681779854, 37.675486292580189 ], [ 127.049128391905711, 37.675661284933504 ], [ 127.049217556760439, 37.675821635742125 ], [ 127.049325129683695, 37.676015088859494 ], [ 127.049398603522391, 37.676151719583977 ], [ 127.049635598847217, 37.676587550211941 ], [ 127.049667483392881, 37.676646182863337 ], [ 127.049706696192985, 37.676718294971415 ], [ 127.049721814869429, 37.6767625864873 ], [ 127.049767116507027, 37.676895284152721 ], [ 127.049889726783007, 37.677260759348478 ], [ 127.049895865873452, 37.677279054588844 ], [ 127.049942600230807, 37.677414596841828 ], [ 127.049947632314627, 37.677443441555901 ], [ 127.04997203748465, 37.677583353870261 ], [ 127.049982596460481, 37.677646810103866 ], [ 127.050025726890283, 37.677905959000128 ], [ 127.050043299593113, 37.678011538710663 ], [ 127.050077685336007, 37.678190023727652 ], [ 127.05011802511747, 37.67839533886611 ], [ 127.050119076654781, 37.678398297444403 ], [ 127.05035935120388, 37.679073379593177 ], [ 127.050359999096301, 37.679075200951608 ], [ 127.050397836023436, 37.679181500496462 ], [ 127.050488221403654, 37.679341440307233 ], [ 127.050517215848544, 37.67939200378175 ], [ 127.050715850823195, 37.679738367435249 ], [ 127.050853496314332, 37.679976940728778 ], [ 127.050921213895876, 37.680094308675059 ], [ 127.050966189680224, 37.680312979931259 ], [ 127.051018256915327, 37.680566116251939 ], [ 127.051063186982148, 37.680776846546856 ], [ 127.051063548669617, 37.680778554144993 ], [ 127.051105987935472, 37.681078028185318 ], [ 127.051124182069358, 37.681220875615566 ], [ 127.051187783964366, 37.681720251807398 ], [ 127.051199288326771, 37.681810587400697 ], [ 127.051223117006685, 37.681997671971622 ], [ 127.051460853715099, 37.682249074510281 ], [ 127.051562078903885, 37.682356115841159 ], [ 127.051630470769183, 37.682428698733588 ], [ 127.051801145652036, 37.682609826545693 ], [ 127.051801716279826, 37.682619222393015 ], [ 127.051882112700071, 37.682698668432046 ], [ 127.051889830935153, 37.682706294182388 ], [ 127.052133829624026, 37.682947413313464 ], [ 127.052150287964963, 37.683045863372584 ], [ 127.052167206295152, 37.68314892458443 ], [ 127.052180170817451, 37.683227892606602 ], [ 127.052213841345875, 37.683430933629673 ], [ 127.052215163456069, 37.68343890281534 ], [ 127.052247858846371, 37.683639675974568 ], [ 127.052250864550913, 37.683658119616027 ], [ 127.052295039765838, 37.683940216611148 ], [ 127.052311096340674, 37.684042746336111 ], [ 127.052355781093297, 37.684332036047756 ], [ 127.052335615605429, 37.684420259336399 ], [ 127.052296796767394, 37.684584361596841 ], [ 127.052272503089085, 37.684682548739644 ], [ 127.052267017777865, 37.684704725903558 ], [ 127.052242050942127, 37.68480658611147 ], [ 127.052221784694069, 37.684889263999914 ], [ 127.0522018661337, 37.684971827833394 ], [ 127.052195221154264, 37.684987867931042 ], [ 127.052185831719626, 37.685008406066217 ], [ 127.052139536065866, 37.685109676902982 ], [ 127.052043475683149, 37.685319273578514 ], [ 127.051984711195843, 37.68544706282232 ], [ 127.051913303114944, 37.685602352281471 ], [ 127.051836766822902, 37.685743570450882 ], [ 127.051798136157558, 37.685814846925389 ], [ 127.051803316606225, 37.68581359032892 ], [ 127.051803333070424, 37.68583837159111 ], [ 127.051803520416826, 37.686115958866559 ], [ 127.051803523981164, 37.686121020755785 ], [ 127.051803644673925, 37.686302630423214 ], [ 127.051803758766823, 37.686470635368551 ], [ 127.051803847732458, 37.68660248241666 ], [ 127.051803852416043, 37.686608112148313 ], [ 127.051803898619426, 37.686678084456844 ], [ 127.05180390607282, 37.686688154155718 ], [ 127.051804161443087, 37.687066761026109 ], [ 127.051967054643001, 37.687203529649722 ], [ 127.051984943917248, 37.687218442534132 ], [ 127.052060630180847, 37.687282883177588 ], [ 127.052144291124833, 37.68735239430039 ], [ 127.052227065273641, 37.68742077713528 ], [ 127.052399309480819, 37.687498411891639 ], [ 127.052619036375305, 37.687597424040277 ], [ 127.052772839767272, 37.687666335514152 ], [ 127.052808107341804, 37.687681240267587 ], [ 127.052873844627513, 37.687718656811548 ], [ 127.052944382053212, 37.687761708610097 ], [ 127.052968312853849, 37.687774645095537 ], [ 127.053026439209702, 37.687809532411173 ], [ 127.053109373733434, 37.687858212138934 ], [ 127.05317724321651, 37.687898717342435 ], [ 127.053266744464523, 37.687950493575734 ], [ 127.053273837776402, 37.687954637725881 ], [ 127.05340161031053, 37.688029268760253 ], [ 127.053476750990825, 37.688073437295976 ], [ 127.053557207620869, 37.688115918787844 ], [ 127.053623123046009, 37.68815023320677 ], [ 127.053659803853876, 37.688169363085862 ], [ 127.053691876928852, 37.688187089268361 ], [ 127.05369573688634, 37.688189121055146 ], [ 127.053759757549088, 37.688222809913775 ], [ 127.053859347198582, 37.688274571593546 ], [ 127.054023266581851, 37.688361504861447 ], [ 127.054035323409593, 37.688367131497849 ], [ 127.054086361015891, 37.688393848859413 ], [ 127.054152641010816, 37.688429867875868 ], [ 127.054193040731079, 37.688451526361973 ], [ 127.054312480213284, 37.688515667665001 ], [ 127.054373375314313, 37.688548264583133 ], [ 127.054463292397685, 37.688596398298834 ], [ 127.054476219425908, 37.688603318883573 ], [ 127.054630401048044, 37.688685861089276 ], [ 127.054690127382415, 37.688718215478261 ], [ 127.054695449345814, 37.688722718794153 ], [ 127.054759970983298, 37.688787730247135 ], [ 127.054872539646666, 37.688899453334322 ], [ 127.054995925729926, 37.689021587845623 ], [ 127.055094666048603, 37.689122053191007 ], [ 127.05517872806611, 37.689204798806294 ], [ 127.055206832696598, 37.689204784035603 ], [ 127.055229680240345, 37.68920477466807 ], [ 127.055429557786951, 37.689204675693674 ], [ 127.055618873473094, 37.689204596068777 ], [ 127.055626490837085, 37.689204592324984 ], [ 127.055734018595473, 37.689204543192815 ], [ 127.055864582184569, 37.68920448337856 ], [ 127.056102669010201, 37.689204372131719 ], [ 127.056114006579563, 37.689204367938565 ], [ 127.056177461164452, 37.689204338173035 ], [ 127.056225488042244, 37.689222615834368 ], [ 127.056262163939891, 37.689236679405958 ], [ 127.056368301796468, 37.689276895925978 ], [ 127.056460625240803, 37.68931175516019 ], [ 127.056537892669496, 37.689341000099418 ], [ 127.056764174295196, 37.689426776002492 ], [ 127.056846577785606, 37.689475443892867 ], [ 127.056911444858443, 37.689513703967371 ], [ 127.056931108148106, 37.689519326439459 ], [ 127.056967826649881, 37.689535426959232 ], [ 127.056990117038907, 37.689545201807341 ], [ 127.057028404645479, 37.689561796724114 ], [ 127.057060830467449, 37.689576134311061 ], [ 127.057096452582556, 37.68959160514909 ], [ 127.057141286038913, 37.689611018739086 ], [ 127.057190690685431, 37.6896326739611 ], [ 127.057239226863345, 37.689634054972622 ], [ 127.057275542368359, 37.689635162950083 ], [ 127.057306188427603, 37.689635997260837 ], [ 127.05732779876621, 37.689636545273068 ], [ 127.057355439171104, 37.689637377301679 ], [ 127.057387854610781, 37.689638211022036 ], [ 127.057954929626405, 37.68965398420481 ], [ 127.058172613396664, 37.689669927924037 ], [ 127.058390340374061, 37.689685869600737 ], [ 127.058706526337531, 37.68987830660955 ], [ 127.058837840406426, 37.689941310626814 ], [ 127.059553093559927, 37.690284456515592 ], [ 127.059660137411939, 37.690331983250097 ], [ 127.059918543069188, 37.690586548082941 ], [ 127.059973216789771, 37.690640408322302 ], [ 127.060616255791587, 37.691273867271391 ], [ 127.061209195337895, 37.692169746127249 ], [ 127.061667877755013, 37.692414180284459 ], [ 127.061742769501492, 37.692572378950445 ], [ 127.062209053274259, 37.692805266163703 ], [ 127.062367797264841, 37.693024236943977 ], [ 127.062373544884267, 37.693135159770364 ], [ 127.062394788326728, 37.693546495823853 ], [ 127.062601748946548, 37.694243793687669 ], [ 127.062732141558371, 37.694675910789016 ], [ 127.063059285878992, 37.694799064391468 ], [ 127.063386314140573, 37.694921884065913 ], [ 127.064584841648227, 37.694553885994161 ], [ 127.065325542964118, 37.694763185518909 ], [ 127.0663080140245, 37.694441734583606 ], [ 127.067576997226553, 37.694680333316711 ], [ 127.067715642953914, 37.694731701923779 ], [ 127.067827189898424, 37.694773029382361 ], [ 127.067957832338848, 37.694583181389667 ], [ 127.068028129396339, 37.694481029769015 ], [ 127.068298540009067, 37.694357272301893 ], [ 127.068548025395955, 37.694000402270945 ], [ 127.068715281604952, 37.693954260294639 ], [ 127.068832108625486, 37.693922028708577 ], [ 127.069027648679267, 37.693868083229781 ], [ 127.069151088755675, 37.693689531868259 ], [ 127.06955710830205, 37.693789501214759 ], [ 127.069822783855045, 37.693981069647812 ], [ 127.070644361368906, 37.6938108353689 ], [ 127.070878944814353, 37.693700055860802 ], [ 127.071201447146521, 37.693718157802408 ], [ 127.072657601293358, 37.69379950168323 ], [ 127.073137865392468, 37.693975747771631 ], [ 127.073231666171466, 37.694020827529094 ], [ 127.07323426558952, 37.694022077167467 ], [ 127.073398235125495, 37.694100877120867 ], [ 127.073782700081338, 37.694493691790825 ], [ 127.073930074385345, 37.694644232811321 ], [ 127.074486362836751, 37.695009628182596 ], [ 127.07490680570281, 37.695219680913176 ], [ 127.075809309175966, 37.695430006169829 ], [ 127.078196279668774, 37.695986510803301 ], [ 127.081104883659208, 37.696137462338186 ], [ 127.082301546669513, 37.695320889819278 ], [ 127.083843287743932, 37.694268889700695 ], [ 127.083852831491541, 37.693866662104568 ] ] ] } },
{ "type": "Feature", "properties": { "ADM_NM": "상계2동", "dong_group": "상계동", "safety_score": 59.6, "cctv": 256.0, "light": 496.0, "bell": 1.0, "police": 0.0 }, "geometry": { "type": "Polygon", "coordinates": [ [ [ 127.068100934405166, 37.66027828877197 ], [ 127.068494810549311, 37.659961270381771 ], [ 127.068711853365372, 37.660138102211505 ], [ 127.068714825699615, 37.660140523250647 ], [ 127.068717599444383, 37.660142779520498 ], [ 127.068818044884438, 37.660224623864856 ], [ 127.068910821578342, 37.660301789205384 ], [ 127.068912007468356, 37.660302775093811 ], [ 127.068998710452547, 37.660374893221601 ], [ 127.069004919283387, 37.660370133421026 ], [ 127.069013266813016, 37.660363733792899 ], [ 127.069201839427038, 37.660219022782385 ], [ 127.069202509057817, 37.660218507861316 ], [ 127.069242014636444, 37.660188188792858 ], [ 127.06924333795159, 37.660187171510714 ], [ 127.069382235528153, 37.660077290274501 ], [ 127.069388124001151, 37.660072632036119 ], [ 127.069562570588189, 37.659934621676399 ], [ 127.06956692372259, 37.659931176432202 ], [ 127.069835069610221, 37.659719039182285 ], [ 127.069875361457107, 37.659685975493844 ], [ 127.069876935757335, 37.659684685113611 ], [ 127.069877450660229, 37.659684261560692 ], [ 127.069883162354145, 37.659679577415154 ], [ 127.070137782584808, 37.659470656584418 ], [ 127.070154530319996, 37.659456910953701 ], [ 127.070157100242142, 37.659454800376842 ], [ 127.070281923031033, 37.659352378503712 ], [ 127.070393700061416, 37.659260660117383 ], [ 127.070407706730592, 37.659249592250383 ], [ 127.070412407172867, 37.659245870627835 ], [ 127.070414387805712, 37.659244302305993 ], [ 127.070622681655976, 37.65907959165849 ], [ 127.070625164537333, 37.659077628573463 ], [ 127.070627362678877, 37.659075891588586 ], [ 127.070659154903154, 37.659050760891532 ], [ 127.070786141257841, 37.658953353269951 ], [ 127.070787139960402, 37.658952588064395 ], [ 127.070961087894034, 37.658819152569052 ], [ 127.0709708107495, 37.658811692423143 ], [ 127.070994030372361, 37.658793872736673 ], [ 127.071044313317699, 37.658753839794777 ], [ 127.071115320343452, 37.658704077450835 ], [ 127.071116447300128, 37.658703286570031 ], [ 127.07111712347826, 37.65870281132046 ], [ 127.071129658801283, 37.658694027409787 ], [ 127.071134168878544, 37.658690866598093 ], [ 127.071175601889621, 37.658661834676082 ], [ 127.071177562108232, 37.658660459152863 ], [ 127.071590001128655, 37.658371408536716 ], [ 127.071607982087912, 37.658358806463319 ], [ 127.071926037754722, 37.658135901598321 ], [ 127.071915888080937, 37.658051077887478 ], [ 127.071915349365995, 37.658028008940619 ], [ 127.071912709451581, 37.657915166508516 ], [ 127.071915693613605, 37.657786789226478 ], [ 127.07192140106207, 37.657541304013769 ], [ 127.071923218284908, 37.657463134121549 ], [ 127.071925955443987, 37.657345386291453 ], [ 127.071925965946605, 37.657344939266849 ], [ 127.071926689944405, 37.657313818757125 ], [ 127.07192737962805, 37.657284133049849 ], [ 127.071948468015236, 37.656933615040117 ], [ 127.071960347557606, 37.65684190572621 ], [ 127.071970834263553, 37.656760965928953 ], [ 127.071963176115617, 37.656679783628491 ], [ 127.071967943219235, 37.656600620339375 ], [ 127.071984786548242, 37.656320812935412 ], [ 127.071993284457562, 37.656203562789841 ], [ 127.072006384450461, 37.656022842812199 ], [ 127.072031973694862, 37.65566980468035 ], [ 127.072032942946677, 37.655473282607375 ], [ 127.072033572768063, 37.65534774855562 ], [ 127.0720296469038, 37.655271683147852 ], [ 127.072023132160126, 37.655177365296197 ], [ 127.072021972425119, 37.655160570992699 ], [ 127.072010357053699, 37.655018683724954 ], [ 127.07196960946915, 37.654698049454616 ], [ 127.071943651003949, 37.654583400793577 ], [ 127.07192417614462, 37.654497384076102 ], [ 127.071910322442221, 37.654436190733712 ], [ 127.071886735881364, 37.654336141499968 ], [ 127.071873178453075, 37.654283776917687 ], [ 127.071860111782541, 37.654235978483186 ], [ 127.071850173101069, 37.65419782668841 ], [ 127.071840891112373, 37.654162192005273 ], [ 127.07183062548151, 37.654132019456277 ], [ 127.071804812041321, 37.654056150388818 ], [ 127.071744353650203, 37.653898948718343 ], [ 127.071667734740231, 37.653739434092223 ], [ 127.071666292953267, 37.653736431912584 ], [ 127.07166458971372, 37.65373335577528 ], [ 127.071623023156363, 37.653658271310888 ], [ 127.071587751235469, 37.653594555717845 ], [ 127.071550308699145, 37.653538681070145 ], [ 127.071544636854711, 37.653530216747505 ], [ 127.071488479350819, 37.653446413786412 ], [ 127.07143175837875, 37.653372501822602 ], [ 127.071429806085433, 37.653369959269668 ], [ 127.071398143071548, 37.65332870091494 ], [ 127.071325987457683, 37.653251439335243 ], [ 127.071238258419228, 37.653157502260797 ], [ 127.071149187776456, 37.653021109083561 ], [ 127.07104560974561, 37.652862501015697 ], [ 127.070965529942114, 37.65274202194211 ], [ 127.070886253959173, 37.652622758935713 ], [ 127.070805544129612, 37.652501334659753 ], [ 127.070671187159419, 37.652360375109247 ], [ 127.070616220985116, 37.652302708516679 ], [ 127.070544603628107, 37.652227569254975 ], [ 127.070536443076293, 37.652219006590038 ], [ 127.070317729103579, 37.651989542778885 ], [ 127.069965310103527, 37.651619795668431 ], [ 127.069831262604382, 37.651530876768881 ], [ 127.069682783947499, 37.651432386056008 ], [ 127.069424751598831, 37.651261222535283 ], [ 127.069141928188799, 37.651031746040715 ], [ 127.068777208226592, 37.650734367443718 ], [ 127.068777245714173, 37.650811205662791 ], [ 127.068777355914946, 37.650934675719085 ], [ 127.068777434661556, 37.651022806937782 ], [ 127.06877748619344, 37.651080355691313 ], [ 127.068777523148327, 37.651121212531194 ], [ 127.068626646855179, 37.651013502763057 ], [ 127.068591302345368, 37.650988270376089 ], [ 127.06858865797399, 37.650986440906152 ], [ 127.06852762521126, 37.650944213584197 ], [ 127.068457338559753, 37.650826592491576 ], [ 127.068453040668587, 37.65081939942241 ], [ 127.068432344984956, 37.650891136838297 ], [ 127.068360964468184, 37.651138619873024 ], [ 127.068235130278495, 37.651574899494449 ], [ 127.068220634813954, 37.651625159966855 ], [ 127.068096153668279, 37.652056740275476 ], [ 127.067996420310223, 37.65240251545768 ], [ 127.067883899993376, 37.652792620106204 ], [ 127.067858272366436, 37.652881473739207 ], [ 127.06785066813967, 37.652907824402284 ], [ 127.067842455404389, 37.652936280160688 ], [ 127.067821894907681, 37.653007567267757 ], [ 127.067810596939736, 37.653046676335848 ], [ 127.067802499297812, 37.653076980252564 ], [ 127.067742987878646, 37.653299734861861 ], [ 127.067658686757284, 37.65361527590769 ], [ 127.067648774094991, 37.653645365851141 ], [ 127.067636862698734, 37.653681528884398 ], [ 127.067609019361157, 37.653766065938626 ], [ 127.067585224167047, 37.653838309172151 ], [ 127.067578175370215, 37.65386131428501 ], [ 127.06756800774474, 37.653894501179309 ], [ 127.067471696056671, 37.654208886679505 ], [ 127.067359516527247, 37.654575054251715 ], [ 127.067334463700931, 37.654656848779744 ], [ 127.067287929966099, 37.654808743460151 ], [ 127.067271687177822, 37.654861766281122 ], [ 127.067215162037698, 37.655046271578748 ], [ 127.06716539961819, 37.655204123904618 ], [ 127.067146259667652, 37.655264832584741 ], [ 127.067078649318461, 37.655479289992272 ], [ 127.06705383021712, 37.655558017155755 ], [ 127.06703129690149, 37.655629468102966 ], [ 127.066993827272739, 37.655748321374709 ], [ 127.066974424210713, 37.655744186926356 ], [ 127.06640459825897, 37.655622785716865 ], [ 127.066223772340535, 37.655583232764442 ], [ 127.066178477578916, 37.655573324554332 ], [ 127.066161545822467, 37.655569621787556 ], [ 127.065644291486393, 37.655456477201469 ], [ 127.065628288238401, 37.655452976071089 ], [ 127.065505903189617, 37.655426200024515 ], [ 127.065441326885704, 37.655412766589563 ], [ 127.065258416295592, 37.655374717822326 ], [ 127.065255456410227, 37.655374102117293 ], [ 127.064990527666083, 37.655318984878569 ], [ 127.064782202212555, 37.65526776506271 ], [ 127.064753723929073, 37.655260762965355 ], [ 127.064475539065413, 37.655192364043209 ], [ 127.064453090212623, 37.655186845200141 ], [ 127.06438056790941, 37.655169010365398 ], [ 127.064327614502545, 37.655155986086072 ], [ 127.064301957413562, 37.655149676610719 ], [ 127.063788030015729, 37.655036235132918 ], [ 127.063345162539122, 37.654938474536117 ], [ 127.063144006440695, 37.654891513746293 ], [ 127.063131768029024, 37.654888657155155 ], [ 127.063130069828489, 37.654888259686068 ], [ 127.062908512957321, 37.654836527879709 ], [ 127.062893824624368, 37.654833098851014 ], [ 127.062447883689401, 37.654728990711043 ], [ 127.062358089744734, 37.654708026025112 ], [ 127.061813814659217, 37.654598146219605 ], [ 127.061806970807979, 37.654596764286296 ], [ 127.061716213889611, 37.654578446364908 ], [ 127.06098762488736, 37.654413864328077 ], [ 127.060609900078731, 37.65432248119653 ], [ 127.06050578356249, 37.654797113750291 ], [ 127.060445094868427, 37.654993708801044 ], [ 127.060433221742969, 37.655032173244322 ], [ 127.060403150010629, 37.655129585753961 ], [ 127.060248177436605, 37.655631591335727 ], [ 127.060235165663158, 37.655673743382074 ], [ 127.060241072844747, 37.655675176896153 ], [ 127.060247695513951, 37.655676781627065 ], [ 127.060998691740039, 37.655858833883428 ], [ 127.061014113002969, 37.655862572329603 ], [ 127.0613157710021, 37.655935695061608 ], [ 127.061326632250797, 37.655938327694926 ], [ 127.061707568884998, 37.656030665063376 ], [ 127.061709783224103, 37.656031206881714 ], [ 127.061672263421258, 37.65638814975464 ], [ 127.06167174231274, 37.65639309615279 ], [ 127.061670464116844, 37.656405331545734 ], [ 127.061669995719711, 37.656409796826267 ], [ 127.061664326546577, 37.656474698990003 ], [ 127.061643841359782, 37.656709215375777 ], [ 127.06162924410296, 37.656876321085768 ], [ 127.061623584623931, 37.6569411043019 ], [ 127.061590432384264, 37.657320564270478 ], [ 127.061589618043328, 37.657329874747049 ], [ 127.061583727363853, 37.657397331360244 ], [ 127.061580771215048, 37.657431161927867 ], [ 127.061549714459403, 37.657786578397328 ], [ 127.061549503170951, 37.657788576774678 ], [ 127.061537048650763, 37.657902980292207 ], [ 127.061531076536468, 37.657957856650491 ], [ 127.061530822498796, 37.657960183856417 ], [ 127.061528834174126, 37.657978456455567 ], [ 127.061483648265764, 37.658393627579834 ], [ 127.061475630261356, 37.658467292778667 ], [ 127.061474304717578, 37.658479470303497 ], [ 127.061473499415129, 37.658486853755377 ], [ 127.061473123097244, 37.658490308978585 ], [ 127.061438140253941, 37.658811813327731 ], [ 127.061436305515656, 37.658829216704753 ], [ 127.061435693162537, 37.658835020831958 ], [ 127.06143501573915, 37.658841479086895 ], [ 127.061386527707754, 37.659303208037564 ], [ 127.061375314731791, 37.659409992628277 ], [ 127.061340957535805, 37.659737157806909 ], [ 127.061621182589263, 37.659714717974019 ], [ 127.061622440526449, 37.659714616291403 ], [ 127.061895529534368, 37.659692754983205 ], [ 127.061911264452519, 37.659691493867484 ], [ 127.062170141829625, 37.659670756285273 ], [ 127.062293324827493, 37.659660891349425 ], [ 127.062331501687098, 37.659657835067392 ], [ 127.06256257733979, 37.659639326121606 ], [ 127.062562436867594, 37.659634669301447 ], [ 127.062561006426947, 37.659589779290954 ], [ 127.062541177986006, 37.658965518261432 ], [ 127.062542644114544, 37.6589656787284 ], [ 127.062551392259437, 37.658990000362998 ], [ 127.062576091294403, 37.658975839136282 ], [ 127.06262547340593, 37.658947526522738 ], [ 127.063098414343088, 37.659021384215919 ], [ 127.063191287715298, 37.659035888150349 ], [ 127.06339629367703, 37.659069331353123 ], [ 127.063773360407581, 37.659130806723653 ], [ 127.063768354418741, 37.65914793972631 ], [ 127.06436913239115, 37.659230027324277 ], [ 127.064605944145086, 37.659262381698817 ], [ 127.064615017090333, 37.659263628385119 ], [ 127.064647318382086, 37.659229341820811 ], [ 127.064660018038722, 37.659215859643076 ], [ 127.064660602138787, 37.659215239877184 ], [ 127.065008023488417, 37.659332015104034 ], [ 127.065211833413343, 37.659400525317864 ], [ 127.065213863488978, 37.659408578122367 ], [ 127.065214477446546, 37.659411003175521 ], [ 127.065256533114095, 37.659577791701743 ], [ 127.06528628200337, 37.65969577620551 ], [ 127.065286802539759, 37.659697890854453 ], [ 127.065291219555874, 37.659715409266774 ], [ 127.065325755666152, 37.659852386316516 ], [ 127.065494049097609, 37.660575619652938 ], [ 127.065504364318301, 37.660619945668259 ], [ 127.065529828375603, 37.660729362437998 ], [ 127.065530343813023, 37.660731576213649 ], [ 127.065559747634907, 37.660857950789435 ], [ 127.06559798906882, 37.66102231674094 ], [ 127.065613171103251, 37.661087569844916 ], [ 127.065617860893056, 37.661107724750465 ], [ 127.065651393106009, 37.661251807712141 ], [ 127.065644923157663, 37.661254242730699 ], [ 127.065549341923997, 37.661290219953152 ], [ 127.065568385929694, 37.661395890541861 ], [ 127.065599449468039, 37.661568262742641 ], [ 127.065705941553517, 37.661555819860716 ], [ 127.06571327762363, 37.6615549617593 ], [ 127.065721711943084, 37.661553976105907 ], [ 127.066248204317446, 37.661492411532862 ], [ 127.066250493860082, 37.66149214324205 ], [ 127.06628078885484, 37.661488598822835 ], [ 127.06634691319789, 37.661480865122094 ], [ 127.066358376774986, 37.661479524617633 ], [ 127.066371860655664, 37.661476252766732 ], [ 127.06638210185487, 37.661473769379747 ], [ 127.066387081665852, 37.661472561869786 ], [ 127.066424540354447, 37.661463482508339 ], [ 127.066642214327089, 37.661410717859582 ], [ 127.066642110348269, 37.661409881038367 ], [ 127.066619733313644, 37.661232516973264 ], [ 127.066626888440652, 37.661229231755222 ], [ 127.066642212729818, 37.661222196348838 ], [ 127.066954713574191, 37.661078785145612 ], [ 127.066955848115342, 37.661078263832216 ], [ 127.066995304089232, 37.661059453592706 ], [ 127.067269839969853, 37.660928574051901 ], [ 127.06730042322674, 37.660913994475919 ], [ 127.067314407392928, 37.660907327218446 ], [ 127.067316923515406, 37.660905327371204 ], [ 127.067326866038442, 37.660897440201339 ], [ 127.067368078120467, 37.660864745796687 ], [ 127.067553260926019, 37.66071784107649 ], [ 127.067568932687919, 37.660705402414855 ], [ 127.067570547770416, 37.660704128439335 ], [ 127.06777210189432, 37.660544241060236 ], [ 127.067773046135102, 37.660543491905031 ], [ 127.067890626135409, 37.660450210834313 ], [ 127.067957879987617, 37.660394898860098 ], [ 127.067960055857981, 37.660393109566549 ], [ 127.067966212143588, 37.660388037766246 ], [ 127.068040232812876, 37.660327144221078 ], [ 127.068048174476431, 37.660320753991179 ], [ 127.068054883671849, 37.66031535251939 ], [ 127.068100934405166, 37.66027828877197 ] ] ] } },
{ "type": "Feature", "properties": { "ADM_NM": "상계5동", "dong_group": "상계동", "safety_score": 66.3, "cctv": 309.0, "light": 618.0, "bell": 0.0, "police": 0.0 }, "geometry": { "type": "Polygon", "coordinates": [ [ [ 127.067764483617481, 37.674099525052277 ], [ 127.068358843841665, 37.673931552525531 ], [ 127.068698774025052, 37.674008272858096 ], [ 127.068838009027559, 37.674039696776596 ], [ 127.069053548520401, 37.673875225021021 ], [ 127.069546674583705, 37.673498935287554 ], [ 127.072318263927812, 37.671383907179255 ], [ 127.072398129878636, 37.671322959217967 ], [ 127.072511698673708, 37.671236289409379 ], [ 127.073920639653878, 37.669077805050229 ], [ 127.07150416874174, 37.666473929473916 ], [ 127.072222004938681, 37.665961625926364 ], [ 127.072736774788552, 37.665594166156886 ], [ 127.07281123543693, 37.665541013735051 ], [ 127.072813864240302, 37.665539138564505 ], [ 127.072864239821243, 37.665500784423735 ], [ 127.07306996659895, 37.665344154350542 ], [ 127.073241687735973, 37.665213411607986 ], [ 127.073279050862894, 37.665184965451381 ], [ 127.07347344025375, 37.665036966291126 ], [ 127.073590396264422, 37.66494791903547 ], [ 127.07372492134418, 37.66484549625109 ], [ 127.073842545224352, 37.664755940097685 ], [ 127.073870573209234, 37.664734600399122 ], [ 127.07389686067522, 37.6647150570764 ], [ 127.073961366597956, 37.664667099303564 ], [ 127.074156006573062, 37.664522395185003 ], [ 127.074290443414313, 37.664422445590795 ], [ 127.0744960394712, 37.664269591813422 ], [ 127.074870033819991, 37.663991537267712 ], [ 127.074873852865835, 37.663988697404967 ], [ 127.075371405437522, 37.663598470073097 ], [ 127.075695218094467, 37.66337883702532 ], [ 127.075686691059957, 37.663345105423332 ], [ 127.075605450661044, 37.663023726850639 ], [ 127.075595329240457, 37.662970536883236 ], [ 127.075584523135802, 37.66291374091201 ], [ 127.075556100995271, 37.662764364879187 ], [ 127.075552593660731, 37.662745928962401 ], [ 127.07548917271329, 37.662743604226513 ], [ 127.075480689227447, 37.662743267240806 ], [ 127.075340244748389, 37.662737679969958 ], [ 127.07531050398552, 37.662737462931197 ], [ 127.075246299296268, 37.662736981177886 ], [ 127.075239147528308, 37.662736931989606 ], [ 127.075154589808079, 37.66266504520722 ], [ 127.074949584835807, 37.662490759921987 ], [ 127.074904189803277, 37.662452163389375 ], [ 127.074694923652359, 37.662268607388746 ], [ 127.074330655852137, 37.661949089533771 ], [ 127.074280552803188, 37.66190513625763 ], [ 127.074283936165983, 37.661900349758298 ], [ 127.074330492481721, 37.661829178871649 ], [ 127.074341604502962, 37.661825851581661 ], [ 127.074360371370773, 37.661820231875382 ], [ 127.074393125005258, 37.661832033172097 ], [ 127.074453922927901, 37.661885755803375 ], [ 127.074453582503097, 37.66153624188513 ], [ 127.074453520055386, 37.661473295987953 ], [ 127.074453490259557, 37.661443559016611 ], [ 127.074396777561915, 37.661396418253318 ], [ 127.07434048479108, 37.661349612472037 ], [ 127.074247215745942, 37.661272078271381 ], [ 127.074242791826023, 37.661267692628549 ], [ 127.074151867150405, 37.661177542707001 ], [ 127.074132419553976, 37.661158261428078 ], [ 127.074128897428125, 37.661159954038851 ], [ 127.074118976121966, 37.661166032879457 ], [ 127.074073087355671, 37.661122785149601 ], [ 127.074083384308608, 37.661115252913483 ], [ 127.074044636518778, 37.661076305090184 ], [ 127.074015664764971, 37.661047182866902 ], [ 127.074018463096493, 37.661045170375438 ], [ 127.073963893043754, 37.660990626358341 ], [ 127.073923099185322, 37.660949844998605 ], [ 127.073887100101146, 37.660914025672923 ], [ 127.073884967376827, 37.660915429460211 ], [ 127.073882391180149, 37.660917457172367 ], [ 127.073833965377659, 37.66086983411342 ], [ 127.073839392283858, 37.660866547620898 ], [ 127.073829647348532, 37.660856850095257 ], [ 127.073781616227194, 37.660810010799821 ], [ 127.073747766718569, 37.66077700235217 ], [ 127.073725055877006, 37.660755023232817 ], [ 127.073693236821839, 37.660724228576733 ], [ 127.073655086552321, 37.660686735736512 ], [ 127.073615802901003, 37.660648784513761 ], [ 127.073581951847771, 37.660616071650544 ], [ 127.073539208962757, 37.660574780165355 ], [ 127.073531291600787, 37.660566693599684 ], [ 127.073473501221343, 37.660509570705969 ], [ 127.073424100998395, 37.660460741571505 ], [ 127.073415685463573, 37.660452143040395 ], [ 127.073334996341131, 37.660373851416601 ], [ 127.07332466511032, 37.660365983242258 ], [ 127.073340633331014, 37.660365947262356 ], [ 127.073345439281326, 37.660354672711662 ], [ 127.073332405619013, 37.660355041985127 ], [ 127.073225283513722, 37.660228512526736 ], [ 127.07320697227243, 37.660206883619729 ], [ 127.073087596967397, 37.66006588111641 ], [ 127.072846004216089, 37.659780515183414 ], [ 127.072826955996788, 37.659759326103426 ], [ 127.072839221407591, 37.659750551851161 ], [ 127.072722473648852, 37.659684661391502 ], [ 127.072704806728012, 37.659674691715217 ], [ 127.072651230472744, 37.659621962367986 ], [ 127.072700488812302, 37.659581027282343 ], [ 127.072645061779255, 37.659571512082927 ], [ 127.072532287404201, 37.65942865994618 ], [ 127.072421757864944, 37.659288649636345 ], [ 127.072347860315361, 37.659160485794175 ], [ 127.072192199800355, 37.658852037630979 ], [ 127.072152680104921, 37.65877372503715 ], [ 127.072054550270025, 37.65878945972112 ], [ 127.072034673113976, 37.658741719555046 ], [ 127.072010758735487, 37.658679954371337 ], [ 127.071956082156177, 37.658552103371825 ], [ 127.071928394661924, 37.658345824096564 ], [ 127.071928212147114, 37.658154087633974 ], [ 127.071926037754722, 37.658135901598321 ], [ 127.071607982087912, 37.658358806463319 ], [ 127.071590001128655, 37.658371408536716 ], [ 127.071177562108232, 37.658660459152863 ], [ 127.071175601889621, 37.658661834676082 ], [ 127.071134168878544, 37.658690866598093 ], [ 127.071129658801283, 37.658694027409787 ], [ 127.07111712347826, 37.65870281132046 ], [ 127.071116447300128, 37.658703286570031 ], [ 127.071115320343452, 37.658704077450835 ], [ 127.071044313317699, 37.658753839794777 ], [ 127.070994030372361, 37.658793872736673 ], [ 127.0709708107495, 37.658811692423143 ], [ 127.070961087894034, 37.658819152569052 ], [ 127.070787139960402, 37.658952588064395 ], [ 127.070786141257841, 37.658953353269951 ], [ 127.070659154903154, 37.659050760891532 ], [ 127.070627362678877, 37.659075891588586 ], [ 127.070625164537333, 37.659077628573463 ], [ 127.070622681655976, 37.65907959165849 ], [ 127.070414387805712, 37.659244302305993 ], [ 127.070412407172867, 37.659245870627835 ], [ 127.070407706730592, 37.659249592250383 ], [ 127.070393700061416, 37.659260660117383 ], [ 127.070281923031033, 37.659352378503712 ], [ 127.070157100242142, 37.659454800376842 ], [ 127.070154530319996, 37.659456910953701 ], [ 127.070137782584808, 37.659470656584418 ], [ 127.069883162354145, 37.659679577415154 ], [ 127.069877450660229, 37.659684261560692 ], [ 127.069876935757335, 37.659684685113611 ], [ 127.069875361457107, 37.659685975493844 ], [ 127.069835069610221, 37.659719039182285 ], [ 127.06956692372259, 37.659931176432202 ], [ 127.069562570588189, 37.659934621676399 ], [ 127.069388124001151, 37.660072632036119 ], [ 127.069382235528153, 37.660077290274501 ], [ 127.06924333795159, 37.660187171510714 ], [ 127.069242014636444, 37.660188188792858 ], [ 127.069202509057817, 37.660218507861316 ], [ 127.069201839427038, 37.660219022782385 ], [ 127.069013266813016, 37.660363733792899 ], [ 127.069004919283387, 37.660370133421026 ], [ 127.068998710452547, 37.660374893221601 ], [ 127.068912007468356, 37.660302775093811 ], [ 127.068910821578342, 37.660301789205384 ], [ 127.068818044884438, 37.660224623864856 ], [ 127.068717599444383, 37.660142779520498 ], [ 127.068714825699615, 37.660140523250647 ], [ 127.068711853365372, 37.660138102211505 ], [ 127.068494810549311, 37.659961270381771 ], [ 127.068100934405166, 37.66027828877197 ], [ 127.068054883671849, 37.66031535251939 ], [ 127.068048174476431, 37.660320753991179 ], [ 127.068040232812876, 37.660327144221078 ], [ 127.067966212143588, 37.660388037766246 ], [ 127.067960055857981, 37.660393109566549 ], [ 127.067957879987617, 37.660394898860098 ], [ 127.067890626135409, 37.660450210834313 ], [ 127.067773046135102, 37.660543491905031 ], [ 127.06777210189432, 37.660544241060236 ], [ 127.067570547770416, 37.660704128439335 ], [ 127.067568932687919, 37.660705402414855 ], [ 127.067553260926019, 37.66071784107649 ], [ 127.067368078120467, 37.660864745796687 ], [ 127.067326866038442, 37.660897440201339 ], [ 127.067316923515406, 37.660905327371204 ], [ 127.067314407392928, 37.660907327218446 ], [ 127.06730042322674, 37.660913994475919 ], [ 127.067269839969853, 37.660928574051901 ], [ 127.066995304089232, 37.661059453592706 ], [ 127.066955848115342, 37.661078263832216 ], [ 127.066954713574191, 37.661078785145612 ], [ 127.066642212729818, 37.661222196348838 ], [ 127.066626888440652, 37.661229231755222 ], [ 127.066619733313644, 37.661232516973264 ], [ 127.066642110348269, 37.661409881038367 ], [ 127.066642214327089, 37.661410717859582 ], [ 127.066424540354447, 37.661463482508339 ], [ 127.066387081665852, 37.661472561869786 ], [ 127.06638210185487, 37.661473769379747 ], [ 127.066371860655664, 37.661476252766732 ], [ 127.066358376774986, 37.661479524617633 ], [ 127.06634691319789, 37.661480865122094 ], [ 127.06628078885484, 37.661488598822835 ], [ 127.066250493860082, 37.66149214324205 ], [ 127.066248204317446, 37.661492411532862 ], [ 127.065721711943084, 37.661553976105907 ], [ 127.06571327762363, 37.6615549617593 ], [ 127.065705941553517, 37.661555819860716 ], [ 127.065599449468039, 37.661568262742641 ], [ 127.065616294831287, 37.661661737366146 ], [ 127.065703417451175, 37.662145159448045 ], [ 127.065727439725507, 37.662299405056203 ], [ 127.065799313728803, 37.662760890967093 ], [ 127.065836612322997, 37.663000371490256 ], [ 127.065872043286504, 37.663227862770469 ], [ 127.065927949828264, 37.663586819693634 ], [ 127.065952891115586, 37.663746955221413 ], [ 127.065953917396101, 37.66375335126564 ], [ 127.066047905962307, 37.664316317570034 ], [ 127.066071915619446, 37.664460500505967 ], [ 127.066097351743423, 37.664613251362319 ], [ 127.066098036345267, 37.664617576682673 ], [ 127.066133704115131, 37.664840097835643 ], [ 127.066155013310052, 37.664972978887143 ], [ 127.06617285995371, 37.665084408948935 ], [ 127.066240085145083, 37.665504137379628 ], [ 127.066276376391457, 37.66573072126382 ], [ 127.066286393098011, 37.665792250753917 ], [ 127.066308506407324, 37.665928109118845 ], [ 127.066389068678262, 37.666423023501302 ], [ 127.066400230661884, 37.666491587595011 ], [ 127.066451706524191, 37.666807825270631 ], [ 127.066454730245027, 37.666826395764197 ], [ 127.066454822405134, 37.66682692608763 ], [ 127.066471463269522, 37.666934493026496 ], [ 127.066497086628061, 37.667100167759124 ], [ 127.066528399006387, 37.667302645046163 ], [ 127.066536127082699, 37.667352627205254 ], [ 127.066545243078934, 37.667411570122951 ], [ 127.066640643960653, 37.667847628433613 ], [ 127.066654730020616, 37.667912012927665 ], [ 127.066700636369191, 37.667910469042795 ], [ 127.068092029511547, 37.667863673419788 ], [ 127.068238576253677, 37.667858744261643 ], [ 127.068312955371383, 37.667856242199825 ], [ 127.068322231812402, 37.667861503890265 ], [ 127.068585478393828, 37.668010837501882 ], [ 127.068552277459077, 37.668245228849749 ], [ 127.068527567148706, 37.66828254383568 ], [ 127.068476224679259, 37.668360081675267 ], [ 127.068055276376853, 37.66877840762146 ], [ 127.067903016265547, 37.668835181995618 ], [ 127.06731327310932, 37.669054755468359 ], [ 127.06706012001348, 37.669583407214155 ], [ 127.067122153805727, 37.670112467440845 ], [ 127.067183241942701, 37.670633466193912 ], [ 127.066606652293771, 37.671083038007097 ], [ 127.066063727163083, 37.671179898274417 ], [ 127.065866005124818, 37.671215166336715 ], [ 127.065962257015741, 37.671799595701145 ], [ 127.065966951041844, 37.671828105937784 ], [ 127.065992327256112, 37.671982166951139 ], [ 127.066003935067585, 37.671979703956538 ], [ 127.066010765319277, 37.671978256309878 ], [ 127.066033395174301, 37.672048212769504 ], [ 127.066159352797158, 37.67243758091 ], [ 127.066365255637862, 37.673074067645238 ], [ 127.066371017068491, 37.673091840592434 ], [ 127.06640256247131, 37.673189139253687 ], [ 127.066450247153313, 37.673336230113556 ], [ 127.066598253444369, 37.673814510580819 ], [ 127.066614660980406, 37.673867531423809 ], [ 127.066774379027493, 37.67388802235056 ], [ 127.067241534999511, 37.673947949991849 ], [ 127.067764483617481, 37.674099525052277 ] ] ] } },
{ "type": "Feature", "properties": { "ADM_NM": "상계8동", "dong_group": "상계동", "safety_score": 43.7, "cctv": 89.0, "light": 19.0, "bell": 6.0, "police": 0.0 }, "geometry": { "type": "Polygon", "coordinates": [ [ [ 127.049323880775333, 37.671188036833641 ], [ 127.049529153062906, 37.671187899846203 ], [ 127.049613077597272, 37.67118867642403 ], [ 127.049650482260105, 37.671188931016474 ], [ 127.049671678981056, 37.671189102082735 ], [ 127.049770793943694, 37.671180265239009 ], [ 127.049845611461365, 37.671173597927066 ], [ 127.049976556022884, 37.671161922408572 ], [ 127.05002053094789, 37.671158001738853 ], [ 127.050024703809015, 37.671157628282785 ], [ 127.050038688199962, 37.671156381009745 ], [ 127.050093182613352, 37.671151521596016 ], [ 127.05058916403469, 37.671107295760144 ], [ 127.05077620016263, 37.671090612542983 ], [ 127.050859720561689, 37.671083171040308 ], [ 127.050874544499564, 37.671081846646395 ], [ 127.050920053259588, 37.671077784564297 ], [ 127.05095764740679, 37.671074435932539 ], [ 127.051252040405899, 37.671048184680494 ], [ 127.05135772966787, 37.671038760410831 ], [ 127.051764273914245, 37.671002504195243 ], [ 127.051775891578941, 37.671001471252332 ], [ 127.051793254574008, 37.670999922045148 ], [ 127.051829396928781, 37.670995866380906 ], [ 127.052056948834746, 37.670970340668823 ], [ 127.052181303505762, 37.670956388845589 ], [ 127.052346435646115, 37.670937863269778 ], [ 127.052375487222747, 37.670934605245506 ], [ 127.052454371196603, 37.670925751554883 ], [ 127.052521672133878, 37.670918207669793 ], [ 127.052716535336216, 37.670896347669427 ], [ 127.052782264765085, 37.670888964422552 ], [ 127.052789752596667, 37.670888125731175 ], [ 127.05312353600813, 37.670850680375509 ], [ 127.053252831857122, 37.670836175598147 ], [ 127.053265209074056, 37.670834786654595 ], [ 127.053467177273944, 37.670812130307134 ], [ 127.053587350113858, 37.670798643381005 ], [ 127.053619827232367, 37.670794997822988 ], [ 127.053696609437225, 37.670786385015518 ], [ 127.053954385939363, 37.670757466519326 ], [ 127.054040136677173, 37.670747842758928 ], [ 127.054051406417358, 37.670746576633377 ], [ 127.054085335888558, 37.670742768790255 ], [ 127.054256017980308, 37.670723621573103 ], [ 127.054311288622017, 37.670717422859028 ], [ 127.054362585628184, 37.670711661574913 ], [ 127.054540683922681, 37.670691677586873 ], [ 127.0548113248813, 37.670661310488804 ], [ 127.054952838388232, 37.670645433064024 ], [ 127.055060724292829, 37.670633329589734 ], [ 127.055123357796646, 37.670626301101677 ], [ 127.055217885022216, 37.670615692882912 ], [ 127.05524676955848, 37.670612452448637 ], [ 127.055603047960929, 37.670572472824702 ], [ 127.055909150322833, 37.670538123123237 ], [ 127.056028312403654, 37.670524752482699 ], [ 127.056156935429144, 37.670510318598595 ], [ 127.056241604257707, 37.670500815351097 ], [ 127.056243150251561, 37.670494073783921 ], [ 127.05633787573592, 37.670081552605957 ], [ 127.05636720864166, 37.66995380514328 ], [ 127.056452038264723, 37.669654829091499 ], [ 127.056461218157793, 37.66962248139329 ], [ 127.056474002382089, 37.669577428526509 ], [ 127.056536285485961, 37.669357951781315 ], [ 127.056616353673064, 37.669060489943128 ], [ 127.056623370969248, 37.669034448844435 ], [ 127.056625699230239, 37.669025811100468 ], [ 127.056634369005366, 37.66899360477948 ], [ 127.056788917647481, 37.668419453636993 ], [ 127.056802908296717, 37.668367473097867 ], [ 127.056825660139538, 37.668282944955166 ], [ 127.056856274414457, 37.668169222393445 ], [ 127.056914934425052, 37.667951314520508 ], [ 127.056939928527768, 37.667858444813412 ], [ 127.056958512861996, 37.667789396718028 ], [ 127.056960459662903, 37.667782160909788 ], [ 127.057083347421894, 37.667325592849707 ], [ 127.057083616324022, 37.667324609602552 ], [ 127.057087087797527, 37.667311711026322 ], [ 127.057087201405409, 37.667311292332528 ], [ 127.057087679028115, 37.667309531116409 ], [ 127.057210070089141, 37.666854806049862 ], [ 127.057258929617319, 37.666673275065222 ], [ 127.057344913908381, 37.666351596106615 ], [ 127.057347291092057, 37.666342710660714 ], [ 127.057348835746652, 37.666336926285844 ], [ 127.057468492006137, 37.66588928410669 ], [ 127.057564097976112, 37.665518803133104 ], [ 127.057566757954859, 37.665508492831044 ], [ 127.057695226718877, 37.665010668257672 ], [ 127.057814985310998, 37.66454658205091 ], [ 127.057626694776843, 37.664516303244319 ], [ 127.057628834370419, 37.664508079379644 ], [ 127.057671266248491, 37.664345018524763 ], [ 127.057691009757065, 37.664269138893943 ], [ 127.057710909930023, 37.664192646037279 ], [ 127.057719609731592, 37.66415921480634 ], [ 127.057840922912263, 37.663692931469541 ], [ 127.057983946408854, 37.663143199922999 ], [ 127.058005503932392, 37.663060340773796 ], [ 127.058119481876886, 37.662622244956644 ], [ 127.058129782494561, 37.662582649143701 ], [ 127.058130643381247, 37.662579341765458 ], [ 127.058123554764549, 37.662496725891145 ], [ 127.058211906871335, 37.662136384045219 ], [ 127.058259468225714, 37.662084194607317 ], [ 127.058272489677208, 37.662034095795768 ], [ 127.058281389914413, 37.661999854059005 ], [ 127.058364449088472, 37.661680686862212 ], [ 127.058219307429098, 37.661554353931464 ], [ 127.058030913321602, 37.661390374042526 ], [ 127.057574839212791, 37.661427449653758 ], [ 127.05739878167762, 37.661441761251048 ], [ 127.057252477235906, 37.661453722720857 ], [ 127.056985139617368, 37.661475472271981 ], [ 127.056435733568492, 37.661520147188277 ], [ 127.056362708459858, 37.661526081858106 ], [ 127.05626328848345, 37.661534161515654 ], [ 127.055883833739301, 37.661565001237143 ], [ 127.055640357297278, 37.661584804163212 ], [ 127.05559346490169, 37.661588619515491 ], [ 127.055080672471206, 37.66163032816474 ], [ 127.054191044694008, 37.661702683155887 ], [ 127.054139394729674, 37.661706884647913 ], [ 127.05274501487304, 37.661820300794098 ], [ 127.052467054963614, 37.661842907463686 ], [ 127.051690594929013, 37.661906052945348 ], [ 127.051684637660713, 37.662147798042625 ], [ 127.051674997314734, 37.662440518538986 ], [ 127.051669771667193, 37.662608858991319 ], [ 127.051669222268657, 37.662702092768164 ], [ 127.051667737620534, 37.662823014694339 ], [ 127.051667718629346, 37.662824475685674 ], [ 127.051665525073631, 37.66300312810386 ], [ 127.051662098408158, 37.663264078496724 ], [ 127.051658568856126, 37.663357955304605 ], [ 127.051636510000023, 37.663944648365934 ], [ 127.051635219635401, 37.663978967180469 ], [ 127.051591786024289, 37.663979003070381 ], [ 127.051264838362783, 37.66397926583447 ], [ 127.051164678136885, 37.663979346231969 ], [ 127.0510888048277, 37.66420000882556 ], [ 127.051084266021107, 37.664213203311952 ], [ 127.051060021869418, 37.664283718875886 ], [ 127.051043426718948, 37.664331982560768 ], [ 127.050990655594205, 37.664485459208947 ], [ 127.050974747600108, 37.664532004850692 ], [ 127.050972174959853, 37.664539529311369 ], [ 127.050892514577058, 37.664772618456183 ], [ 127.050884108650521, 37.664797214510216 ], [ 127.05087782838757, 37.664809812883711 ], [ 127.050872721670174, 37.664819207876377 ], [ 127.050825958579381, 37.66490523793135 ], [ 127.050798447909898, 37.664954778660281 ], [ 127.050794706477063, 37.664961512701787 ], [ 127.050662118303052, 37.665200267777784 ], [ 127.050599431934685, 37.665313415007823 ], [ 127.05058361387772, 37.665341964891937 ], [ 127.050563145188121, 37.665378908304717 ], [ 127.050559786369988, 37.665384986723382 ], [ 127.050523714780113, 37.665450325797494 ], [ 127.050477344847053, 37.665530441744636 ], [ 127.050395537778996, 37.665672542553637 ], [ 127.050373869671901, 37.665709798628761 ], [ 127.050365686846305, 37.665723867006875 ], [ 127.050314456398127, 37.665811956487119 ], [ 127.050304989422457, 37.665823870282935 ], [ 127.050290203026236, 37.665840943764444 ], [ 127.050267901264903, 37.665866691872097 ], [ 127.050175935420683, 37.665972874375591 ], [ 127.050072160322671, 37.666091246468319 ], [ 127.050070587056084, 37.666093037727315 ], [ 127.0500670363285, 37.666097085594508 ], [ 127.050015791437104, 37.666155538115518 ], [ 127.049917793809726, 37.666267177510605 ], [ 127.049898268238351, 37.666289420034971 ], [ 127.04986463790361, 37.666327732694619 ], [ 127.049746794793975, 37.666463052667481 ], [ 127.049670153304675, 37.666550378763553 ], [ 127.049664409015776, 37.666557908208723 ], [ 127.049653577624412, 37.666572103425388 ], [ 127.0496525112641, 37.666573504533709 ], [ 127.049603246583615, 37.666643964791049 ], [ 127.049541675061747, 37.666732022541893 ], [ 127.049469847925522, 37.66683427675575 ], [ 127.049379798830756, 37.666955928320832 ], [ 127.049376785351456, 37.666959997146975 ], [ 127.049362516958709, 37.666979277149672 ], [ 127.049319583121786, 37.667037760207798 ], [ 127.049304840425989, 37.667057842380785 ], [ 127.049278365290121, 37.667093906338607 ], [ 127.0491933423273, 37.667208571793168 ], [ 127.049095880708634, 37.6673404447697 ], [ 127.049087681456072, 37.667351535885466 ], [ 127.049060030021366, 37.667388954506549 ], [ 127.049002775770418, 37.66746227543404 ], [ 127.048971007793384, 37.667502959148443 ], [ 127.048907165494839, 37.667584716557791 ], [ 127.048859750493378, 37.66779220253202 ], [ 127.04884482224729, 37.667859000968384 ], [ 127.048842866549151, 37.667867763465978 ], [ 127.048833903009651, 37.667907879996555 ], [ 127.048805692588729, 37.66803327020034 ], [ 127.048799406523628, 37.668063579641569 ], [ 127.048720107726567, 37.668445860001611 ], [ 127.048648305016911, 37.668687411290712 ], [ 127.04859218582024, 37.668876188172909 ], [ 127.048536685508566, 37.669064767294465 ], [ 127.048530367098934, 37.669088590594946 ], [ 127.048519570236536, 37.669141349391154 ], [ 127.048512483370402, 37.669175972232253 ], [ 127.048480659392169, 37.669331477374612 ], [ 127.048432375017697, 37.669578006452717 ], [ 127.048403357338003, 37.669726178241184 ], [ 127.048352680474238, 37.669908807083644 ], [ 127.048318418145413, 37.670037894654669 ], [ 127.048280601907024, 37.670172609146491 ], [ 127.048241165290676, 37.670313100371757 ], [ 127.048220444978497, 37.670388697863196 ], [ 127.048190850351446, 37.67049668412146 ], [ 127.048158280817177, 37.671186570596454 ], [ 127.048158198549586, 37.671188356723874 ], [ 127.048932684381086, 37.671188144879345 ], [ 127.049323880775333, 37.671188036833641 ] ] ] } },
{ "type": "Feature", "properties": { "ADM_NM": "상계9동", "dong_group": "상계동", "safety_score": 49.0, "cctv": 80.0, "light": 36.0, "bell": 2.0, "police": 1.0 }, "geometry": { "type": "Polygon", "coordinates": [ [ [ 127.061352803786235, 37.672300131901359 ], [ 127.061249356774837, 37.671911298497967 ], [ 127.061235121067639, 37.671857786543697 ], [ 127.06139855088712, 37.671605576626938 ], [ 127.061631602513899, 37.671263286379208 ], [ 127.061813992165796, 37.671182170792633 ], [ 127.062759388792685, 37.670761703587843 ], [ 127.06375430176611, 37.670526875773795 ], [ 127.064560710561977, 37.670546772790281 ], [ 127.064696189327833, 37.67055011658551 ], [ 127.065459616276001, 37.670801202304638 ], [ 127.065596147545733, 37.671082961065395 ], [ 127.065624049045937, 37.671140551799823 ], [ 127.065626236168413, 37.671145066523849 ], [ 127.065652688224901, 37.671180144705552 ], [ 127.065721150163952, 37.67127089883261 ], [ 127.065772805605732, 37.67125102442489 ], [ 127.0657773810874, 37.671249263839449 ], [ 127.065866005124818, 37.671215166336715 ], [ 127.066063727163083, 37.671179898274417 ], [ 127.066606652293771, 37.671083038007097 ], [ 127.067183241942701, 37.670633466193912 ], [ 127.067122153805727, 37.670112467440845 ], [ 127.06706012001348, 37.669583407214155 ], [ 127.06731327310932, 37.669054755468359 ], [ 127.067903016265547, 37.668835181995618 ], [ 127.068055276376853, 37.66877840762146 ], [ 127.068476224679259, 37.668360081675267 ], [ 127.068527567148706, 37.66828254383568 ], [ 127.068552277459077, 37.668245228849749 ], [ 127.068585478393828, 37.668010837501882 ], [ 127.068322231812402, 37.667861503890265 ], [ 127.068312955371383, 37.667856242199825 ], [ 127.068238576253677, 37.667858744261643 ], [ 127.068092029511547, 37.667863673419788 ], [ 127.066700636369191, 37.667910469042795 ], [ 127.066654730020616, 37.667912012927665 ], [ 127.066640643960653, 37.667847628433613 ], [ 127.066545243078934, 37.667411570122951 ], [ 127.066536127082699, 37.667352627205254 ], [ 127.066528399006387, 37.667302645046163 ], [ 127.066497086628061, 37.667100167759124 ], [ 127.066471463269522, 37.666934493026496 ], [ 127.066454822405134, 37.66682692608763 ], [ 127.066454730245027, 37.666826395764197 ], [ 127.066451706524191, 37.666807825270631 ], [ 127.066400230661884, 37.666491587595011 ], [ 127.066389068678262, 37.666423023501302 ], [ 127.066308506407324, 37.665928109118845 ], [ 127.066286393098011, 37.665792250753917 ], [ 127.066276376391457, 37.66573072126382 ], [ 127.066240085145083, 37.665504137379628 ], [ 127.06617285995371, 37.665084408948935 ], [ 127.066155013310052, 37.664972978887143 ], [ 127.066133704115131, 37.664840097835643 ], [ 127.066098036345267, 37.664617576682673 ], [ 127.066097351743423, 37.664613251362319 ], [ 127.066071915619446, 37.664460500505967 ], [ 127.066047905962307, 37.664316317570034 ], [ 127.065953917396101, 37.66375335126564 ], [ 127.065952891115586, 37.663746955221413 ], [ 127.065927949828264, 37.663586819693634 ], [ 127.065872043286504, 37.663227862770469 ], [ 127.065836612322997, 37.663000371490256 ], [ 127.065799313728803, 37.662760890967093 ], [ 127.065727439725507, 37.662299405056203 ], [ 127.065703417451175, 37.662145159448045 ], [ 127.065616294831287, 37.661661737366146 ], [ 127.065599449468039, 37.661568262742641 ], [ 127.065568385929694, 37.661395890541861 ], [ 127.065549341923997, 37.661290219953152 ], [ 127.064212162823566, 37.661298238643148 ], [ 127.062909265871028, 37.661306037519971 ], [ 127.06291676131633, 37.661353414238242 ], [ 127.062922952494645, 37.661392547918645 ], [ 127.062942691570029, 37.661517302762547 ], [ 127.062945203953433, 37.661533175571591 ], [ 127.062987164014089, 37.661798379470873 ], [ 127.062987306119979, 37.661799281332542 ], [ 127.063003234988543, 37.661891498263358 ], [ 127.063006081709077, 37.66190797800607 ], [ 127.063092429111293, 37.662407850250652 ], [ 127.063145026335661, 37.662712335782764 ], [ 127.063155306624424, 37.662784875445062 ], [ 127.063158024250257, 37.662804047892813 ], [ 127.063165011989469, 37.662853369587488 ], [ 127.063169241839759, 37.662883231159256 ], [ 127.06320145974712, 37.66311065003547 ], [ 127.063222028876467, 37.663255857360539 ], [ 127.06322881853356, 37.663303781245212 ], [ 127.063234720355197, 37.663346298338503 ], [ 127.063237201855003, 37.663364172887341 ], [ 127.063267584593177, 37.663583062811021 ], [ 127.063277871200398, 37.663636759168128 ], [ 127.063318375373129, 37.663848173015595 ], [ 127.06333433901608, 37.663931497430745 ], [ 127.063357503395494, 37.664052409826411 ], [ 127.063384665953421, 37.664194188495173 ], [ 127.063420560859853, 37.664381546628043 ], [ 127.063442199579711, 37.664494486453407 ], [ 127.063443077584296, 37.664499061273105 ], [ 127.063481470877818, 37.66469934655516 ], [ 127.063495377320891, 37.664771960875306 ], [ 127.063445765341953, 37.66478935509766 ], [ 127.063441059325953, 37.664791005149475 ], [ 127.063420271956758, 37.664798293918452 ], [ 127.063414525255851, 37.66480030065118 ], [ 127.06341420257742, 37.664800414827688 ], [ 127.063156407613249, 37.664890785392139 ], [ 127.062677311199366, 37.665055024197052 ], [ 127.062629884750294, 37.665071282383799 ], [ 127.062627816984104, 37.665071993981549 ], [ 127.062608217445387, 37.665077397813661 ], [ 127.062427176570495, 37.665127307437785 ], [ 127.062404236362156, 37.66513103137369 ], [ 127.062217708198816, 37.665161310880826 ], [ 127.061945313006319, 37.665185773087146 ], [ 127.061874228893956, 37.665192157316071 ], [ 127.061848453468386, 37.665189997515952 ], [ 127.061780816771332, 37.665184331932934 ], [ 127.061619489210713, 37.665170817231235 ], [ 127.06110672605196, 37.665086650984136 ], [ 127.0610958653062, 37.665084863785047 ], [ 127.060984904927153, 37.665066645882305 ], [ 127.060967973779626, 37.665063866241375 ], [ 127.060752715985714, 37.665028527491991 ], [ 127.060212253000103, 37.664939338324714 ], [ 127.060207468322034, 37.664938548942452 ], [ 127.060182790515185, 37.664934480239026 ], [ 127.059271583398001, 37.664784107424651 ], [ 127.059252010938749, 37.664780876915742 ], [ 127.059247170772593, 37.664780079175202 ], [ 127.059199940465007, 37.664772277389929 ], [ 127.05917339831862, 37.664767896857164 ], [ 127.058495870075532, 37.664656079560295 ], [ 127.05848015648904, 37.664653552888282 ], [ 127.058407787009799, 37.664641916144113 ], [ 127.057824391681066, 37.664548095502091 ], [ 127.057814985310998, 37.66454658205091 ], [ 127.057695226718877, 37.665010668257672 ], [ 127.057566757954859, 37.665508492831044 ], [ 127.057564097976112, 37.665518803133104 ], [ 127.057468492006137, 37.66588928410669 ], [ 127.057348835746652, 37.666336926285844 ], [ 127.057347291092057, 37.666342710660714 ], [ 127.057344913908381, 37.666351596106615 ], [ 127.057258929617319, 37.666673275065222 ], [ 127.057210070089141, 37.666854806049862 ], [ 127.057087679028115, 37.667309531116409 ], [ 127.057087201405409, 37.667311292332528 ], [ 127.057087087797527, 37.667311711026322 ], [ 127.057083616324022, 37.667324609602552 ], [ 127.057083347421894, 37.667325592849707 ], [ 127.056960459662903, 37.667782160909788 ], [ 127.056958512861996, 37.667789396718028 ], [ 127.056939928527768, 37.667858444813412 ], [ 127.056914934425052, 37.667951314520508 ], [ 127.056856274414457, 37.668169222393445 ], [ 127.056825660139538, 37.668282944955166 ], [ 127.056802908296717, 37.668367473097867 ], [ 127.056788917647481, 37.668419453636993 ], [ 127.056634369005366, 37.66899360477948 ], [ 127.056625699230239, 37.669025811100468 ], [ 127.056623370969248, 37.669034448844435 ], [ 127.056616353673064, 37.669060489943128 ], [ 127.056536285485961, 37.669357951781315 ], [ 127.056474002382089, 37.669577428526509 ], [ 127.056461218157793, 37.66962248139329 ], [ 127.056452038264723, 37.669654829091499 ], [ 127.05636720864166, 37.66995380514328 ], [ 127.05633787573592, 37.670081552605957 ], [ 127.056243150251561, 37.670494073783921 ], [ 127.056241604257707, 37.670500815351097 ], [ 127.056237181809834, 37.670520072831067 ], [ 127.056247033039611, 37.670523169922689 ], [ 127.056248235012362, 37.670523548498366 ], [ 127.056967096926968, 37.670749446339364 ], [ 127.057141450527183, 37.670804239726465 ], [ 127.057315833824632, 37.670859040178108 ], [ 127.057328812359771, 37.670863118752003 ], [ 127.057408418695942, 37.670888132068626 ], [ 127.057566658164447, 37.670937852943382 ], [ 127.057585627431081, 37.67094381611625 ], [ 127.057611484992407, 37.670957094207743 ], [ 127.05769475536998, 37.670999855714584 ], [ 127.057740198641142, 37.671023191296364 ], [ 127.057855849745664, 37.671082577520771 ], [ 127.058014758114126, 37.671164175965274 ], [ 127.058079168913054, 37.671197261013106 ], [ 127.058104820920775, 37.671210430066118 ], [ 127.05822472892396, 37.671272000485843 ], [ 127.058240906934756, 37.671283642316148 ], [ 127.058242011229169, 37.671284434217782 ], [ 127.058260856172367, 37.671298004072007 ], [ 127.05829581598266, 37.671323159626795 ], [ 127.058514084402645, 37.67148021940725 ], [ 127.058548405301281, 37.671504914617834 ], [ 127.058590986444742, 37.671621778655052 ], [ 127.058687216352581, 37.671679551899516 ], [ 127.058700679402776, 37.671687634056312 ], [ 127.058764750813097, 37.671726074985521 ], [ 127.058997679494453, 37.671869215335455 ], [ 127.05905553647122, 37.671904712549455 ], [ 127.059058587036205, 37.671906586109174 ], [ 127.059384878329766, 37.672107030861191 ], [ 127.059545314137807, 37.672205587028564 ], [ 127.059610767332956, 37.672245796566862 ], [ 127.059632255928634, 37.672258995709264 ], [ 127.059808740776717, 37.672367415242611 ], [ 127.059847168523916, 37.672270209230419 ], [ 127.059876725992979, 37.672286734616556 ], [ 127.05998689976839, 37.672348335418306 ], [ 127.06002739137233, 37.67236669521143 ], [ 127.060805044339034, 37.672687601129091 ], [ 127.061221275241621, 37.672739478089611 ], [ 127.061435789910234, 37.672599320898122 ], [ 127.061364329593786, 37.672341686583785 ], [ 127.061352803786235, 37.672300131901359 ] ] ] } },
{ "type": "Feature", "properties": { "ADM_NM": "상계10동", "dong_group": "상계동", "safety_score": 45.0, "cctv": 72.0, "light": 21.0, "bell": 3.0, "police": 0.0 }, "geometry": { "type": "Polygon", "coordinates": [ [ [ 127.062942691570029, 37.661517302762547 ], [ 127.062922952494645, 37.661392547918645 ], [ 127.06291676131633, 37.661353414238242 ], [ 127.062909265871028, 37.661306037519971 ], [ 127.064212162823566, 37.661298238643148 ], [ 127.065549341923997, 37.661290219953152 ], [ 127.065644923157663, 37.661254242730699 ], [ 127.065651393106009, 37.661251807712141 ], [ 127.065617860893056, 37.661107724750465 ], [ 127.065613171103251, 37.661087569844916 ], [ 127.06559798906882, 37.66102231674094 ], [ 127.065559747634907, 37.660857950789435 ], [ 127.065530343813023, 37.660731576213649 ], [ 127.065529828375603, 37.660729362437998 ], [ 127.065504364318301, 37.660619945668259 ], [ 127.065494049097609, 37.660575619652938 ], [ 127.065325755666152, 37.659852386316516 ], [ 127.065291219555874, 37.659715409266774 ], [ 127.065286802539759, 37.659697890854453 ], [ 127.06528628200337, 37.65969577620551 ], [ 127.065256533114095, 37.659577791701743 ], [ 127.065214477446546, 37.659411003175521 ], [ 127.065213863488978, 37.659408578122367 ], [ 127.065211833413343, 37.659400525317864 ], [ 127.065008023488417, 37.659332015104034 ], [ 127.064660602138787, 37.659215239877184 ], [ 127.064660018038722, 37.659215859643076 ], [ 127.064647318382086, 37.659229341820811 ], [ 127.064615017090333, 37.659263628385119 ], [ 127.064605944145086, 37.659262381698817 ], [ 127.06436913239115, 37.659230027324277 ], [ 127.063768354418741, 37.65914793972631 ], [ 127.063773360407581, 37.659130806723653 ], [ 127.06339629367703, 37.659069331353123 ], [ 127.063191287715298, 37.659035888150349 ], [ 127.063098414343088, 37.659021384215919 ], [ 127.06262547340593, 37.658947526522738 ], [ 127.062576091294403, 37.658975839136282 ], [ 127.062551392259437, 37.658990000362998 ], [ 127.062542644114544, 37.6589656787284 ], [ 127.062541177986006, 37.658965518261432 ], [ 127.062561006426947, 37.659589779290954 ], [ 127.062562436867594, 37.659634669301447 ], [ 127.06256257733979, 37.659639326121606 ], [ 127.062331501687098, 37.659657835067392 ], [ 127.062293324827493, 37.659660891349425 ], [ 127.062170141829625, 37.659670756285273 ], [ 127.061911264452519, 37.659691493867484 ], [ 127.061895529534368, 37.659692754983205 ], [ 127.061622440526449, 37.659714616291403 ], [ 127.061621182589263, 37.659714717974019 ], [ 127.061340957535805, 37.659737157806909 ], [ 127.061375314731791, 37.659409992628277 ], [ 127.061386527707754, 37.659303208037564 ], [ 127.06143501573915, 37.658841479086895 ], [ 127.061435693162537, 37.658835020831958 ], [ 127.061436305515656, 37.658829216704753 ], [ 127.061438140253941, 37.658811813327731 ], [ 127.061473123097244, 37.658490308978585 ], [ 127.061473499415129, 37.658486853755377 ], [ 127.061474304717578, 37.658479470303497 ], [ 127.061475630261356, 37.658467292778667 ], [ 127.061483648265764, 37.658393627579834 ], [ 127.061528834174126, 37.657978456455567 ], [ 127.061530822498796, 37.657960183856417 ], [ 127.061531076536468, 37.657957856650491 ], [ 127.061537048650763, 37.657902980292207 ], [ 127.061549503170951, 37.657788576774678 ], [ 127.061549714459403, 37.657786578397328 ], [ 127.061580771215048, 37.657431161927867 ], [ 127.061583727363853, 37.657397331360244 ], [ 127.061589618043328, 37.657329874747049 ], [ 127.061590432384264, 37.657320564270478 ], [ 127.061623584623931, 37.6569411043019 ], [ 127.06162924410296, 37.656876321085768 ], [ 127.061643841359782, 37.656709215375777 ], [ 127.061664326546577, 37.656474698990003 ], [ 127.061669995719711, 37.656409796826267 ], [ 127.061670464116844, 37.656405331545734 ], [ 127.06167174231274, 37.65639309615279 ], [ 127.061672263421258, 37.65638814975464 ], [ 127.061709783224103, 37.656031206881714 ], [ 127.061707568884998, 37.656030665063376 ], [ 127.061326632250797, 37.655938327694926 ], [ 127.0613157710021, 37.655935695061608 ], [ 127.061014113002969, 37.655862572329603 ], [ 127.060998691740039, 37.655858833883428 ], [ 127.060247695513951, 37.655676781627065 ], [ 127.060241072844747, 37.655675176896153 ], [ 127.060235165663158, 37.655673743382074 ], [ 127.058932093910443, 37.655361611975593 ], [ 127.058928020650669, 37.655360636822536 ], [ 127.058642477488689, 37.655292237204428 ], [ 127.057728902985005, 37.655073396220516 ], [ 127.057447945872298, 37.655006085299725 ], [ 127.057150990822976, 37.654933596768274 ], [ 127.057139329625628, 37.654930749834939 ], [ 127.057137192324419, 37.654930228049459 ], [ 127.055879296013515, 37.654623152930149 ], [ 127.055876996848085, 37.654622591755 ], [ 127.055577721969939, 37.654549529901033 ], [ 127.055042993753602, 37.654483119074079 ], [ 127.055025600815739, 37.654483313051749 ], [ 127.055000078834993, 37.654483600745962 ], [ 127.054808940213533, 37.654485726870888 ], [ 127.054181733283244, 37.654492702296892 ], [ 127.054054231192339, 37.65449411677254 ], [ 127.054049020167383, 37.654592982647557 ], [ 127.054032887031866, 37.654824566809658 ], [ 127.054028483688555, 37.65487993365263 ], [ 127.054020747501781, 37.655044823647316 ], [ 127.054009486126603, 37.655245052506196 ], [ 127.054006365974416, 37.655300626094977 ], [ 127.053982388098902, 37.655353362734054 ], [ 127.053917249345162, 37.655482249015499 ], [ 127.053838586339353, 37.655635602244274 ], [ 127.053753005447973, 37.655800464541691 ], [ 127.053681041441649, 37.655941211677501 ], [ 127.053642208020065, 37.656011972828345 ], [ 127.053578070677332, 37.656131894403558 ], [ 127.053576074127974, 37.65614630100918 ], [ 127.053579712879056, 37.65622571344651 ], [ 127.053584786389408, 37.656336456334522 ], [ 127.053592338044652, 37.65647240994501 ], [ 127.053602507031997, 37.656639680450489 ], [ 127.053596095001851, 37.656739619720263 ], [ 127.053594112006593, 37.656770506397329 ], [ 127.053521616973072, 37.657063335563663 ], [ 127.053488718799443, 37.657196217530952 ], [ 127.053413273735444, 37.657501978619337 ], [ 127.053406997774857, 37.657517630886844 ], [ 127.053399988708435, 37.657528670948452 ], [ 127.053284336034579, 37.657720377933998 ], [ 127.053195586923636, 37.65786353622164 ], [ 127.053101866721974, 37.658014526236848 ], [ 127.053034879844802, 37.658123496264132 ], [ 127.052993647364673, 37.658190570631902 ], [ 127.052945865073568, 37.658268445199802 ], [ 127.052882471759489, 37.658370030592856 ], [ 127.052769245582169, 37.658552552615959 ], [ 127.052664756569015, 37.658721288384065 ], [ 127.052642345229089, 37.658757480336298 ], [ 127.05252911970922, 37.658943095499133 ], [ 127.052522333767598, 37.658952050661782 ], [ 127.052499860620514, 37.658981705867156 ], [ 127.052395422956408, 37.659120724552288 ], [ 127.052379745493852, 37.659141868072638 ], [ 127.052271744911366, 37.659287530385079 ], [ 127.052221710577939, 37.659354657585538 ], [ 127.052137290877639, 37.65947060392773 ], [ 127.052041129840205, 37.659600305059904 ], [ 127.052002789459692, 37.65965201867305 ], [ 127.051862886007143, 37.659843264327968 ], [ 127.051785859008859, 37.659948746950924 ], [ 127.051785915939519, 37.660033189649198 ], [ 127.051785934755429, 37.660061929692048 ], [ 127.051786145448744, 37.660375187698513 ], [ 127.05178629667833, 37.660603103457504 ], [ 127.051786552595445, 37.660979363119168 ], [ 127.051768793862834, 37.661080306444305 ], [ 127.051725467851242, 37.661334426410036 ], [ 127.051712371804228, 37.661408852140518 ], [ 127.051705951242766, 37.661450885828273 ], [ 127.051703760267941, 37.661464166783105 ], [ 127.051703338862225, 37.661495403646136 ], [ 127.051699974432637, 37.661596727939951 ], [ 127.051693757897013, 37.661799773253868 ], [ 127.051693473036323, 37.661809057722728 ], [ 127.051690969720212, 37.661890864173998 ], [ 127.051690594929013, 37.661906052945348 ], [ 127.052467054963614, 37.661842907463686 ], [ 127.05274501487304, 37.661820300794098 ], [ 127.054139394729674, 37.661706884647913 ], [ 127.054191044694008, 37.661702683155887 ], [ 127.055080672471206, 37.66163032816474 ], [ 127.05559346490169, 37.661588619515491 ], [ 127.055640357297278, 37.661584804163212 ], [ 127.055883833739301, 37.661565001237143 ], [ 127.05626328848345, 37.661534161515654 ], [ 127.056362708459858, 37.661526081858106 ], [ 127.056435733568492, 37.661520147188277 ], [ 127.056985139617368, 37.661475472271981 ], [ 127.057252477235906, 37.661453722720857 ], [ 127.05739878167762, 37.661441761251048 ], [ 127.057574839212791, 37.661427449653758 ], [ 127.058030913321602, 37.661390374042526 ], [ 127.058219307429098, 37.661554353931464 ], [ 127.058364449088472, 37.661680686862212 ], [ 127.058281389914413, 37.661999854059005 ], [ 127.058272489677208, 37.662034095795768 ], [ 127.058259468225714, 37.662084194607317 ], [ 127.058211906871335, 37.662136384045219 ], [ 127.058123554764549, 37.662496725891145 ], [ 127.058130643381247, 37.662579341765458 ], [ 127.058129782494561, 37.662582649143701 ], [ 127.058119481876886, 37.662622244956644 ], [ 127.058005503932392, 37.663060340773796 ], [ 127.057983946408854, 37.663143199922999 ], [ 127.057840922912263, 37.663692931469541 ], [ 127.057719609731592, 37.66415921480634 ], [ 127.057710909930023, 37.664192646037279 ], [ 127.057691009757065, 37.664269138893943 ], [ 127.057671266248491, 37.664345018524763 ], [ 127.057628834370419, 37.664508079379644 ], [ 127.057626694776843, 37.664516303244319 ], [ 127.057814985310998, 37.66454658205091 ], [ 127.057824391681066, 37.664548095502091 ], [ 127.058407787009799, 37.664641916144113 ], [ 127.05848015648904, 37.664653552888282 ], [ 127.058495870075532, 37.664656079560295 ], [ 127.05917339831862, 37.664767896857164 ], [ 127.059199940465007, 37.664772277389929 ], [ 127.059247170772593, 37.664780079175202 ], [ 127.059252010938749, 37.664780876915742 ], [ 127.059271583398001, 37.664784107424651 ], [ 127.060182790515185, 37.664934480239026 ], [ 127.060207468322034, 37.664938548942452 ], [ 127.060212253000103, 37.664939338324714 ], [ 127.060752715985714, 37.665028527491991 ], [ 127.060967973779626, 37.665063866241375 ], [ 127.060984904927153, 37.665066645882305 ], [ 127.0610958653062, 37.665084863785047 ], [ 127.06110672605196, 37.665086650984136 ], [ 127.061619489210713, 37.665170817231235 ], [ 127.061780816771332, 37.665184331932934 ], [ 127.061848453468386, 37.665189997515952 ], [ 127.061874228893956, 37.665192157316071 ], [ 127.061945313006319, 37.665185773087146 ], [ 127.062217708198816, 37.665161310880826 ], [ 127.062404236362156, 37.66513103137369 ], [ 127.062427176570495, 37.665127307437785 ], [ 127.062608217445387, 37.665077397813661 ], [ 127.062627816984104, 37.665071993981549 ], [ 127.062629884750294, 37.665071282383799 ], [ 127.062677311199366, 37.665055024197052 ], [ 127.063156407613249, 37.664890785392139 ], [ 127.06341420257742, 37.664800414827688 ], [ 127.063414525255851, 37.66480030065118 ], [ 127.063420271956758, 37.664798293918452 ], [ 127.063441059325953, 37.664791005149475 ], [ 127.063445765341953, 37.66478935509766 ], [ 127.063495377320891, 37.664771960875306 ], [ 127.063481470877818, 37.66469934655516 ], [ 127.063443077584296, 37.664499061273105 ], [ 127.063442199579711, 37.664494486453407 ], [ 127.063420560859853, 37.664381546628043 ], [ 127.063384665953421, 37.664194188495173 ], [ 127.063357503395494, 37.664052409826411 ], [ 127.06333433901608, 37.663931497430745 ], [ 127.063318375373129, 37.663848173015595 ], [ 127.063277871200398, 37.663636759168128 ], [ 127.063267584593177, 37.663583062811021 ], [ 127.063237201855003, 37.663364172887341 ], [ 127.063234720355197, 37.663346298338503 ], [ 127.06322881853356, 37.663303781245212 ], [ 127.063222028876467, 37.663255857360539 ], [ 127.06320145974712, 37.66311065003547 ], [ 127.063169241839759, 37.662883231159256 ], [ 127.063165011989469, 37.662853369587488 ], [ 127.063158024250257, 37.662804047892813 ], [ 127.063155306624424, 37.662784875445062 ], [ 127.063145026335661, 37.662712335782764 ], [ 127.063092429111293, 37.662407850250652 ], [ 127.063006081709077, 37.66190797800607 ], [ 127.063003234988543, 37.661891498263358 ], [ 127.062987306119979, 37.661799281332542 ], [ 127.062987164014089, 37.661798379470873 ], [ 127.062945203953433, 37.661533175571591 ], [ 127.062942691570029, 37.661517302762547 ] ] ] } },
{ "type": "Feature", "properties": { "ADM_NM": "상계3·4동", "dong_group": "상계동", "safety_score": 83.7, "cctv": 373.0, "light": 1013.0, "bell": 6.0, "police": 1.0 }, "geometry": { "type": "Polygon", "coordinates": [ [ [ 127.08931815932209, 37.689765688036829 ], [ 127.090551888290577, 37.689570251965144 ], [ 127.090605071564013, 37.689580786601127 ], [ 127.092384247331069, 37.689933184664888 ], [ 127.093036723209565, 37.689966465605053 ], [ 127.094289389951726, 37.689131805951035 ], [ 127.095097142605781, 37.689384849568562 ], [ 127.095629393996632, 37.689199020341562 ], [ 127.095995961538705, 37.68907104734911 ], [ 127.095584832073229, 37.688395090262929 ], [ 127.096080750479317, 37.687907043855709 ], [ 127.096118004457736, 37.687778976772812 ], [ 127.096118445935602, 37.687777461342677 ], [ 127.096295226508076, 37.687169760207389 ], [ 127.096425147224281, 37.686264181074122 ], [ 127.096424464678421, 37.68605357159165 ], [ 127.096423113976385, 37.685637440675691 ], [ 127.096045248930054, 37.685196553548273 ], [ 127.095809836038825, 37.684640392643367 ], [ 127.095788783962504, 37.68462349531228 ], [ 127.095176157246939, 37.684131770195144 ], [ 127.094287578588919, 37.683418537632733 ], [ 127.094148823361948, 37.683080498438471 ], [ 127.093883229878372, 37.682741721308474 ], [ 127.093392249283824, 37.682189692780121 ], [ 127.092919053063511, 37.681551502040733 ], [ 127.092966796498942, 37.681197545673243 ], [ 127.092927601620374, 37.68093495029359 ], [ 127.092794808504308, 37.680045278865627 ], [ 127.092530772527638, 37.679517297838515 ], [ 127.092174202510478, 37.67920954802026 ], [ 127.091946564293337, 37.679190298621691 ], [ 127.091943075088707, 37.678844476459894 ], [ 127.091941538382443, 37.67869251533407 ], [ 127.092189590510415, 37.678030107205551 ], [ 127.092479598367134, 37.677643034139301 ], [ 127.092536800988796, 37.677573623583825 ], [ 127.0925383204723, 37.677571779296727 ], [ 127.092574564215369, 37.677527803152167 ], [ 127.092614355933648, 37.677474560922597 ], [ 127.092967906554804, 37.677345336102661 ], [ 127.093340001290926, 37.676883572985695 ], [ 127.093530043946132, 37.676738715871174 ], [ 127.093853732337166, 37.676659344579093 ], [ 127.093885845539575, 37.676142951188552 ], [ 127.094014363894289, 37.675797096643393 ], [ 127.093962773846457, 37.675617231805354 ], [ 127.094275434818883, 37.674659983249462 ], [ 127.094542347150707, 37.67377577378759 ], [ 127.094546473238566, 37.673762101210485 ], [ 127.09461462761881, 37.673536317791132 ], [ 127.094919396921796, 37.673083900889516 ], [ 127.095017890042783, 37.673000577262215 ], [ 127.09514692255749, 37.672891417076741 ], [ 127.095587926177259, 37.672731914736211 ], [ 127.095750764663208, 37.672673018241248 ], [ 127.096018927454281, 37.671850378636478 ], [ 127.095891012665987, 37.671635014489318 ], [ 127.095720404578998, 37.671347766638135 ], [ 127.095805711409838, 37.671159899979159 ], [ 127.095748700034477, 37.670619641018178 ], [ 127.095773602442208, 37.670561062087849 ], [ 127.095956272735492, 37.670193498109576 ], [ 127.096012969197588, 37.670079413867832 ], [ 127.096447257605831, 37.669689106489599 ], [ 127.096237365335753, 37.668829414074274 ], [ 127.095119378119264, 37.667736920239321 ], [ 127.094979294923803, 37.667600027619052 ], [ 127.094887633781994, 37.667271770106282 ], [ 127.094581001050599, 37.666173612930073 ], [ 127.094580632883535, 37.66617230022154 ], [ 127.094680015422071, 37.664921278859822 ], [ 127.095410631961997, 37.663889645033287 ], [ 127.095345631791176, 37.66389366735288 ], [ 127.094871202657828, 37.663923012322364 ], [ 127.091732467923649, 37.664117107035864 ], [ 127.088916285864968, 37.664612050399704 ], [ 127.088915884674051, 37.66461201655342 ], [ 127.088256321215781, 37.664557264618459 ], [ 127.088057121975197, 37.664540728127079 ], [ 127.087954546874002, 37.664532212760562 ], [ 127.087102437462804, 37.664461473317644 ], [ 127.085868217688699, 37.664358999136425 ], [ 127.084740535559376, 37.664265350703793 ], [ 127.084722815130831, 37.664262873639416 ], [ 127.083972384850085, 37.663471922995072 ], [ 127.083928593950134, 37.663439529565061 ], [ 127.082901443945943, 37.66267970119781 ], [ 127.082438299433889, 37.662668522839276 ], [ 127.081624512092674, 37.662648888804263 ], [ 127.081421065436302, 37.66270726219237 ], [ 127.081388300074821, 37.662716664019868 ], [ 127.081326476051359, 37.662734402806748 ], [ 127.081206377908842, 37.662768863561503 ], [ 127.080896382870094, 37.662566157194561 ], [ 127.079725566520622, 37.662404624508021 ], [ 127.079097401727239, 37.662317953881839 ], [ 127.0790357393129, 37.662309446955497 ], [ 127.078995439197911, 37.662303886097206 ], [ 127.078953905611712, 37.66229549783916 ], [ 127.07879050098299, 37.662285722628141 ], [ 127.07839305979266, 37.662267738886506 ], [ 127.078245048484263, 37.662261041018752 ], [ 127.078235306559492, 37.662262100407105 ], [ 127.077863311730084, 37.662302535796101 ], [ 127.077763275103209, 37.662313409287577 ], [ 127.077752534388381, 37.662313850349889 ], [ 127.077718943417338, 37.662315231724079 ], [ 127.077555912525554, 37.662331761619122 ], [ 127.077537478817746, 37.662333630766959 ], [ 127.077523351490697, 37.662335062865537 ], [ 127.077512936088127, 37.662336118880688 ], [ 127.077487831493926, 37.662338518448514 ], [ 127.077247831106178, 37.662362886013199 ], [ 127.076649944089553, 37.662423589095468 ], [ 127.076636607223634, 37.662424979759287 ], [ 127.076545199683025, 37.662434245461014 ], [ 127.076513527976005, 37.662437455882163 ], [ 127.076412870363697, 37.662479331037368 ], [ 127.076333701379497, 37.662512268132353 ], [ 127.07627992948342, 37.662534639017416 ], [ 127.076055783777832, 37.662545345483544 ], [ 127.076054402423779, 37.662545412625647 ], [ 127.075927458922862, 37.662551503608192 ], [ 127.075736628548327, 37.662560659964676 ], [ 127.075640977590169, 37.662565224560176 ], [ 127.075772399389237, 37.66274605812179 ], [ 127.075777201989553, 37.662754461419219 ], [ 127.075716859242434, 37.662751949582564 ], [ 127.075552593660731, 37.662745928962401 ], [ 127.075556100995271, 37.662764364879187 ], [ 127.075584523135802, 37.66291374091201 ], [ 127.075595329240457, 37.662970536883236 ], [ 127.075605450661044, 37.663023726850639 ], [ 127.075686691059957, 37.663345105423332 ], [ 127.075695218094467, 37.66337883702532 ], [ 127.075371405437522, 37.663598470073097 ], [ 127.074873852865835, 37.663988697404967 ], [ 127.074870033819991, 37.663991537267712 ], [ 127.0744960394712, 37.664269591813422 ], [ 127.074290443414313, 37.664422445590795 ], [ 127.074156006573062, 37.664522395185003 ], [ 127.073961366597956, 37.664667099303564 ], [ 127.07389686067522, 37.6647150570764 ], [ 127.073870573209234, 37.664734600399122 ], [ 127.073842545224352, 37.664755940097685 ], [ 127.07372492134418, 37.66484549625109 ], [ 127.073590396264422, 37.66494791903547 ], [ 127.07347344025375, 37.665036966291126 ], [ 127.073279050862894, 37.665184965451381 ], [ 127.073241687735973, 37.665213411607986 ], [ 127.07306996659895, 37.665344154350542 ], [ 127.072864239821243, 37.665500784423735 ], [ 127.072813864240302, 37.665539138564505 ], [ 127.07281123543693, 37.665541013735051 ], [ 127.072736774788552, 37.665594166156886 ], [ 127.072222004938681, 37.665961625926364 ], [ 127.07150416874174, 37.666473929473916 ], [ 127.073920639653878, 37.669077805050229 ], [ 127.072511698673708, 37.671236289409379 ], [ 127.072398129878636, 37.671322959217967 ], [ 127.072318263927812, 37.671383907179255 ], [ 127.069546674583705, 37.673498935287554 ], [ 127.069053548520401, 37.673875225021021 ], [ 127.068838009027559, 37.674039696776596 ], [ 127.069666460029666, 37.674226666561793 ], [ 127.070019034415438, 37.674266465538615 ], [ 127.070393796015452, 37.674306771513066 ], [ 127.071052449413486, 37.674377608873691 ], [ 127.071829188328621, 37.675193167254655 ], [ 127.072182095934238, 37.67556165023332 ], [ 127.072513733500159, 37.675907918302137 ], [ 127.072622425698185, 37.676021405211394 ], [ 127.073266642642011, 37.676689347266766 ], [ 127.073697598154396, 37.677132669006824 ], [ 127.073780371422757, 37.677220547107424 ], [ 127.073816247349285, 37.677258633695487 ], [ 127.073799394916719, 37.677273442089991 ], [ 127.073736419926803, 37.677328777181827 ], [ 127.073577256987249, 37.677468634930094 ], [ 127.073385050454377, 37.677637529259776 ], [ 127.073347551994999, 37.677895456087832 ], [ 127.073308078102116, 37.678175501667944 ], [ 127.073436243009226, 37.678341060650887 ], [ 127.073548947806714, 37.678486649539806 ], [ 127.073782578428649, 37.678787321594491 ], [ 127.073833394535285, 37.678855242200484 ], [ 127.073846238479106, 37.679040864945023 ], [ 127.07385374466152, 37.67914933322966 ], [ 127.073912892464847, 37.679318272841989 ], [ 127.073924626577721, 37.679351781723433 ], [ 127.073995464218854, 37.679554106526119 ], [ 127.074084901018338, 37.679670322021352 ], [ 127.074248353289875, 37.679882707375384 ], [ 127.074471816339965, 37.680165878885489 ], [ 127.074739916698221, 37.680548264686102 ], [ 127.074796459387656, 37.680658360840503 ], [ 127.074875562432339, 37.680812388125581 ], [ 127.075174251538527, 37.681393979424989 ], [ 127.075242749515496, 37.681559247522017 ], [ 127.075287359632185, 37.681701766446622 ], [ 127.075316679503686, 37.681795440261816 ], [ 127.075348750582009, 37.681897900249368 ], [ 127.075377342314141, 37.681989221651115 ], [ 127.075395437392288, 37.682049017203454 ], [ 127.075493500652428, 37.682366254380923 ], [ 127.075652901099204, 37.682881920577763 ], [ 127.0756991886457, 37.68303166773034 ], [ 127.075919468587188, 37.68374427821233 ], [ 127.075829608104073, 37.684114568427233 ], [ 127.075627448291286, 37.684947601285018 ], [ 127.075601281649639, 37.685055427212681 ], [ 127.075772818974215, 37.68512511166842 ], [ 127.0763986357004, 37.685379335797414 ], [ 127.076508967958375, 37.68557006362564 ], [ 127.0766447450751, 37.685593669388403 ], [ 127.077371806520162, 37.685720064328329 ], [ 127.078109122407454, 37.686615269921369 ], [ 127.078486703839317, 37.687073698101081 ], [ 127.078669616082252, 37.687431533303069 ], [ 127.079467555555468, 37.687973986219966 ], [ 127.081529612830579, 37.688161801449333 ], [ 127.082419261336341, 37.688511175473359 ], [ 127.082879794689546, 37.688964587907563 ], [ 127.084500309253315, 37.689737040864024 ], [ 127.084602774446552, 37.689835863304118 ], [ 127.084924007398499, 37.690145673429775 ], [ 127.085123416833383, 37.690337985604245 ], [ 127.085177196506422, 37.690389849932586 ], [ 127.08653063150804, 37.689912207723523 ], [ 127.088453579865998, 37.689902639944698 ], [ 127.088681992696181, 37.689866459719646 ], [ 127.08931815932209, 37.689765688036829 ] ] ] } },
{ "type": "Feature", "properties": { "ADM_NM": "상계6·7동", "dong_group": "상계동", "safety_score": 56.7, "cctv": 211.0, "light": 91.0, "bell": 5.0, "police": 1.0 }, "geometry": { "type": "Polygon", "coordinates": [ [ [ 127.067359516527247, 37.654575054251715 ], [ 127.067471696056671, 37.654208886679505 ], [ 127.06756800774474, 37.653894501179309 ], [ 127.067578175370215, 37.65386131428501 ], [ 127.067585224167047, 37.653838309172151 ], [ 127.067609019361157, 37.653766065938626 ], [ 127.067636862698734, 37.653681528884398 ], [ 127.067648774094991, 37.653645365851141 ], [ 127.067658686757284, 37.65361527590769 ], [ 127.067742987878646, 37.653299734861861 ], [ 127.067802499297812, 37.653076980252564 ], [ 127.067810596939736, 37.653046676335848 ], [ 127.067821894907681, 37.653007567267757 ], [ 127.067842455404389, 37.652936280160688 ], [ 127.06785066813967, 37.652907824402284 ], [ 127.067858272366436, 37.652881473739207 ], [ 127.067883899993376, 37.652792620106204 ], [ 127.067996420310223, 37.65240251545768 ], [ 127.068096153668279, 37.652056740275476 ], [ 127.068220634813954, 37.651625159966855 ], [ 127.068235130278495, 37.651574899494449 ], [ 127.068360964468184, 37.651138619873024 ], [ 127.068432344984956, 37.650891136838297 ], [ 127.068453040668587, 37.65081939942241 ], [ 127.068457338559753, 37.650826592491576 ], [ 127.06852762521126, 37.650944213584197 ], [ 127.06858865797399, 37.650986440906152 ], [ 127.068591302345368, 37.650988270376089 ], [ 127.068626646855179, 37.651013502763057 ], [ 127.068777523148327, 37.651121212531194 ], [ 127.06877748619344, 37.651080355691313 ], [ 127.068777434661556, 37.651022806937782 ], [ 127.068777355914946, 37.650934675719085 ], [ 127.068777245714173, 37.650811205662791 ], [ 127.068777208226592, 37.650734367443718 ], [ 127.068550409670536, 37.650507890249095 ], [ 127.068527788534752, 37.650485314646815 ], [ 127.068483637323965, 37.650441256235325 ], [ 127.068462836362997, 37.650429730460523 ], [ 127.068162830008973, 37.650263495057295 ], [ 127.067884352577394, 37.65010738766054 ], [ 127.06749368536353, 37.649931291296774 ], [ 127.067179393181206, 37.649789620135245 ], [ 127.067109190884864, 37.649774025393498 ], [ 127.067107974953302, 37.649773755938469 ], [ 127.06698725396862, 37.64974693976081 ], [ 127.066512096497547, 37.649642198911494 ], [ 127.066168410540072, 37.649566436385044 ], [ 127.066123409702811, 37.649556516615164 ], [ 127.065801083084352, 37.649297865537413 ], [ 127.065752097798011, 37.649258556381838 ], [ 127.065572567490221, 37.649114492643172 ], [ 127.065306375717981, 37.64872164670961 ], [ 127.065298137342012, 37.648709489761281 ], [ 127.065112879704216, 37.648430567758545 ], [ 127.064962914231472, 37.648220044698249 ], [ 127.064765573977624, 37.647974528909224 ], [ 127.064763168971211, 37.647971537511033 ], [ 127.064759596982199, 37.647967082542138 ], [ 127.064604011646495, 37.647773128295825 ], [ 127.064499269535048, 37.647641416820292 ], [ 127.064318302426386, 37.647416827571149 ], [ 127.064238510806391, 37.647341062980566 ], [ 127.064233047827301, 37.647335875433868 ], [ 127.064180328858384, 37.647285817798725 ], [ 127.064133670401176, 37.647241515037699 ], [ 127.063746502684282, 37.646868101974199 ], [ 127.063457557776616, 37.646648363233865 ], [ 127.063376513917532, 37.64658619009748 ], [ 127.063108023798364, 37.646380217516061 ], [ 127.063011489776542, 37.646305587961905 ], [ 127.062907122297034, 37.646224902962388 ], [ 127.062742748270963, 37.646134333136665 ], [ 127.062678098731197, 37.646098885451991 ], [ 127.062375340660296, 37.645980222919825 ], [ 127.062309776602476, 37.645954635879257 ], [ 127.062267151885365, 37.645921576204124 ], [ 127.061810028019124, 37.645567031650828 ], [ 127.061646298154585, 37.64544004143562 ], [ 127.061425855638007, 37.64510116102069 ], [ 127.06134026060451, 37.644903289391152 ], [ 127.061136065860666, 37.644431242088174 ], [ 127.061109182629508, 37.644197061048558 ], [ 127.061082461172987, 37.643964310117681 ], [ 127.061063854691724, 37.643649693803958 ], [ 127.061052161806117, 37.643451976079049 ], [ 127.061042356336074, 37.643289112897158 ], [ 127.061029916331393, 37.643135547123322 ], [ 127.061017130017277, 37.642914480655406 ], [ 127.061007202253379, 37.642799387916604 ], [ 127.060979978493435, 37.642483784045581 ], [ 127.060968561099202, 37.642351412509008 ], [ 127.061044728640468, 37.641789489872195 ], [ 127.060884875435335, 37.641397197754742 ], [ 127.060828307916452, 37.641258376696953 ], [ 127.060799844907976, 37.641188525185825 ], [ 127.060780620828538, 37.641141792237505 ], [ 127.060780087797241, 37.641140495029994 ], [ 127.060633066856468, 37.640783079823201 ], [ 127.060586549900862, 37.640669995025284 ], [ 127.060467665895629, 37.640292529553896 ], [ 127.060466642269176, 37.640289277316796 ], [ 127.060342863848618, 37.63989626700814 ], [ 127.06032439430814, 37.639837194761235 ], [ 127.060255864100725, 37.639618015050779 ], [ 127.06024273796082, 37.639576028647966 ], [ 127.059888836093222, 37.639172782312556 ], [ 127.05984237281713, 37.639119543572086 ], [ 127.059656885175741, 37.638907000798554 ], [ 127.059617950409304, 37.638801555693107 ], [ 127.059614172959343, 37.638791325821515 ], [ 127.059598244319901, 37.638748187786845 ], [ 127.059574004462903, 37.638682537536475 ], [ 127.059622055897606, 37.638626783435441 ], [ 127.059776172873953, 37.63844796156193 ], [ 127.059734159448098, 37.638372533998222 ], [ 127.059710234009628, 37.638333119308207 ], [ 127.059652446590945, 37.638236013337313 ], [ 127.05961999675938, 37.638164518813674 ], [ 127.059601828536415, 37.638127533967001 ], [ 127.059591094721313, 37.638105681503149 ], [ 127.059569616022841, 37.638033901633065 ], [ 127.059564230434077, 37.638016541574238 ], [ 127.059551886554374, 37.637976746455557 ], [ 127.059526789483741, 37.637895843237651 ], [ 127.059520273858908, 37.637874840253133 ], [ 127.059517785987211, 37.637866392631537 ], [ 127.059455617434082, 37.637837801689372 ], [ 127.059526365246569, 37.637738852781929 ], [ 127.05956826684168, 37.637670691337888 ], [ 127.059674535030666, 37.637503119908054 ], [ 127.059583116331837, 37.637161957242299 ], [ 127.059551499161614, 37.637043962119719 ], [ 127.05940319959339, 37.636875660222927 ], [ 127.059386817295206, 37.636855308102561 ], [ 127.059251870727067, 37.636687656170515 ], [ 127.059238252333813, 37.6367017436975 ], [ 127.059120970269134, 37.636820902349214 ], [ 127.058928883057689, 37.637016669058731 ], [ 127.058773208884958, 37.63715921777905 ], [ 127.058601074156385, 37.637316403740236 ], [ 127.058458849476935, 37.637447960952528 ], [ 127.058354826280748, 37.637544865715476 ], [ 127.058252262020062, 37.637679783498172 ], [ 127.058159948269633, 37.637800891408475 ], [ 127.058026240998615, 37.637974114617272 ], [ 127.05785115680861, 37.638205353202643 ], [ 127.057819011336804, 37.638300817886901 ], [ 127.057747833513929, 37.638513140818525 ], [ 127.057739148406483, 37.638538500772306 ], [ 127.057667985571484, 37.638746306193482 ], [ 127.057665155644528, 37.638749127589215 ], [ 127.057436967894105, 37.638983211134281 ], [ 127.057404236474795, 37.639017571756966 ], [ 127.057286429553983, 37.639139259313481 ], [ 127.057163672286023, 37.639264607431436 ], [ 127.057061239361715, 37.639370528563767 ], [ 127.056970849096444, 37.639464038330097 ], [ 127.056872667730971, 37.639563191786088 ], [ 127.056802262787215, 37.63963559142433 ], [ 127.056750429303577, 37.639682628630531 ], [ 127.056608364368913, 37.639811930793606 ], [ 127.056522926334509, 37.639889402377413 ], [ 127.056399433084167, 37.640001234047325 ], [ 127.056271522677875, 37.640117014860202 ], [ 127.056153697054953, 37.640221808301611 ], [ 127.056100985741963, 37.640278702553758 ], [ 127.055993434367792, 37.640394752543372 ], [ 127.055884285709269, 37.640512498145597 ], [ 127.055777957428106, 37.640625375319502 ], [ 127.055488330432127, 37.640935952752159 ], [ 127.055462083733801, 37.640964101795504 ], [ 127.055127992016409, 37.641322427702939 ], [ 127.055117352325809, 37.641399168966167 ], [ 127.055110335558197, 37.641453615772804 ], [ 127.055103196432924, 37.64150900131127 ], [ 127.055094963740558, 37.641572896763876 ], [ 127.055082262740029, 37.641668927893967 ], [ 127.055075380992037, 37.641717451611719 ], [ 127.05506583676825, 37.641784774408826 ], [ 127.0550318031666, 37.642040288935227 ], [ 127.054993630235316, 37.64235539510539 ], [ 127.055030429010799, 37.642607209074207 ], [ 127.055038890973393, 37.642665103275242 ], [ 127.055056552018087, 37.642785781507648 ], [ 127.055074166962456, 37.642910207323936 ], [ 127.055079545164318, 37.642950353363823 ], [ 127.055087099344007, 37.643006713663098 ], [ 127.055089220845687, 37.643021608158961 ], [ 127.055101254020983, 37.643106013347911 ], [ 127.055124851610117, 37.643273990917692 ], [ 127.05513796566342, 37.643369895837147 ], [ 127.055148860828638, 37.643449561096844 ], [ 127.055151373797415, 37.643460209963223 ], [ 127.055196727744516, 37.643568208003195 ], [ 127.055238131070894, 37.643664304288777 ], [ 127.055279876814112, 37.643762303671878 ], [ 127.055335511439722, 37.643889053980629 ], [ 127.055369332070228, 37.643966099805191 ], [ 127.055450684302969, 37.644153150025026 ], [ 127.055533175000917, 37.644343624147965 ], [ 127.055552788904791, 37.644387865387188 ], [ 127.0555762661252, 37.644440819084416 ], [ 127.055641741935219, 37.644589638605375 ], [ 127.055644049102455, 37.644597557434089 ], [ 127.055672598678072, 37.644828870668697 ], [ 127.055681207850839, 37.6449021367687 ], [ 127.055694205914889, 37.645012731164677 ], [ 127.05571285459115, 37.645166924703041 ], [ 127.055722342739514, 37.645251350861692 ], [ 127.055729114120354, 37.645291000960341 ], [ 127.055730501513366, 37.645302049371878 ], [ 127.055738018638536, 37.64536189584279 ], [ 127.055742766348047, 37.645399695985482 ], [ 127.05577532412623, 37.645668034976751 ], [ 127.05577562015317, 37.645670480518547 ], [ 127.05578496443222, 37.645747489919358 ], [ 127.055810580463344, 37.645957801686983 ], [ 127.055834219026025, 37.646181173585731 ], [ 127.055853820361008, 37.646366410914396 ], [ 127.055855253322505, 37.646381615560493 ], [ 127.05587094197881, 37.646548341807097 ], [ 127.055875381253628, 37.64659551107853 ], [ 127.055871683015965, 37.646634822501554 ], [ 127.055864930277764, 37.646698234999562 ], [ 127.055852180652849, 37.646805105428484 ], [ 127.05583424000848, 37.646969908688597 ], [ 127.055825640673447, 37.647048921783366 ], [ 127.055773980470875, 37.647219673077586 ], [ 127.055732199260106, 37.647353288600002 ], [ 127.055688192641952, 37.647484058313402 ], [ 127.055679809039802, 37.647510646829389 ], [ 127.055671730455259, 37.647536268457337 ], [ 127.055630483750718, 37.647662493181812 ], [ 127.055616760994866, 37.64770448706421 ], [ 127.055543653718132, 37.647924116272904 ], [ 127.05547033632611, 37.648151917959517 ], [ 127.055452787671072, 37.648206442211105 ], [ 127.05543964488588, 37.648240675939597 ], [ 127.055381977124554, 37.648336139139339 ], [ 127.055344679020578, 37.648397886161838 ], [ 127.055298606474523, 37.648477192391098 ], [ 127.05522659223395, 37.648598406705837 ], [ 127.055172102066138, 37.648688812657021 ], [ 127.055148634590793, 37.648727750253059 ], [ 127.055111157938555, 37.64878800751476 ], [ 127.055074410092885, 37.648848460398561 ], [ 127.054999348153601, 37.648971171908563 ], [ 127.054962147381275, 37.649036257720823 ], [ 127.054891180003196, 37.649147889146917 ], [ 127.054881105220659, 37.649163736294376 ], [ 127.054851477039364, 37.649214330104812 ], [ 127.054828053115173, 37.649252752232449 ], [ 127.054764416502309, 37.649357139254931 ], [ 127.054727006597901, 37.649430224464083 ], [ 127.054645876217805, 37.649561325906305 ], [ 127.054645163401332, 37.649562238072164 ], [ 127.054521781958854, 37.649718409229592 ], [ 127.05450654558372, 37.649737692576799 ], [ 127.054447040424805, 37.649815081956696 ], [ 127.054409975882706, 37.649863286060537 ], [ 127.054355617466044, 37.64993454591314 ], [ 127.054216352709588, 37.650117106460804 ], [ 127.054190923466024, 37.650151436018746 ], [ 127.054076201801962, 37.650340447168311 ], [ 127.054045006307859, 37.650390600394744 ], [ 127.053952862678884, 37.650543522520529 ], [ 127.053951312363864, 37.650546096284067 ], [ 127.05394796230091, 37.6505527661268 ], [ 127.053867486943716, 37.650924886881207 ], [ 127.053822097610322, 37.651127076089026 ], [ 127.053820032422976, 37.65114275513902 ], [ 127.053799686490336, 37.651368905536742 ], [ 127.053795096063268, 37.651419929957896 ], [ 127.053787538781634, 37.651503941986029 ], [ 127.053766619920282, 37.651745476910925 ], [ 127.053753354593113, 37.651865879528771 ], [ 127.053735010495899, 37.652046335197795 ], [ 127.053734382594442, 37.652058057406222 ], [ 127.053756155811996, 37.652190400069621 ], [ 127.053761846050264, 37.65222726281722 ], [ 127.053813152695852, 37.652559568682712 ], [ 127.053825960781396, 37.652644056114589 ], [ 127.053854350019876, 37.652777397214045 ], [ 127.053898581186559, 37.652976664261701 ], [ 127.053940540844891, 37.653165678109964 ], [ 127.053980666574034, 37.65358097446547 ], [ 127.053993331367025, 37.653722647496963 ], [ 127.05400428681908, 37.65387717793034 ], [ 127.054019065324269, 37.654090044665594 ], [ 127.054036810222016, 37.654294468073886 ], [ 127.05405466802921, 37.654480975141972 ], [ 127.054054834562109, 37.654482700928696 ], [ 127.054054231192339, 37.65449411677254 ], [ 127.054181733283244, 37.654492702296892 ], [ 127.054808940213533, 37.654485726870888 ], [ 127.055000078834993, 37.654483600745962 ], [ 127.055025600815739, 37.654483313051749 ], [ 127.055042993753602, 37.654483119074079 ], [ 127.055577721969939, 37.654549529901033 ], [ 127.055876996848085, 37.654622591755 ], [ 127.055879296013515, 37.654623152930149 ], [ 127.057137192324419, 37.654930228049459 ], [ 127.057139329625628, 37.654930749834939 ], [ 127.057150990822976, 37.654933596768274 ], [ 127.057447945872298, 37.655006085299725 ], [ 127.057728902985005, 37.655073396220516 ], [ 127.058642477488689, 37.655292237204428 ], [ 127.058928020650669, 37.655360636822536 ], [ 127.058932093910443, 37.655361611975593 ], [ 127.060235165663158, 37.655673743382074 ], [ 127.060248177436605, 37.655631591335727 ], [ 127.060403150010629, 37.655129585753961 ], [ 127.060433221742969, 37.655032173244322 ], [ 127.060445094868427, 37.654993708801044 ], [ 127.06050578356249, 37.654797113750291 ], [ 127.060609900078731, 37.65432248119653 ], [ 127.06098762488736, 37.654413864328077 ], [ 127.061716213889611, 37.654578446364908 ], [ 127.061806970807979, 37.654596764286296 ], [ 127.061813814659217, 37.654598146219605 ], [ 127.062358089744734, 37.654708026025112 ], [ 127.062447883689401, 37.654728990711043 ], [ 127.062893824624368, 37.654833098851014 ], [ 127.062908512957321, 37.654836527879709 ], [ 127.063130069828489, 37.654888259686068 ], [ 127.063131768029024, 37.654888657155155 ], [ 127.063144006440695, 37.654891513746293 ], [ 127.063345162539122, 37.654938474536117 ], [ 127.063788030015729, 37.655036235132918 ], [ 127.064301957413562, 37.655149676610719 ], [ 127.064327614502545, 37.655155986086072 ], [ 127.06438056790941, 37.655169010365398 ], [ 127.064453090212623, 37.655186845200141 ], [ 127.064475539065413, 37.655192364043209 ], [ 127.064753723929073, 37.655260762965355 ], [ 127.064782202212555, 37.65526776506271 ], [ 127.064990527666083, 37.655318984878569 ], [ 127.065255456410227, 37.655374102117293 ], [ 127.065258416295592, 37.655374717822326 ], [ 127.065441326885704, 37.655412766589563 ], [ 127.065505903189617, 37.655426200024515 ], [ 127.065628288238401, 37.655452976071089 ], [ 127.065644291486393, 37.655456477201469 ], [ 127.066161545822467, 37.655569621787556 ], [ 127.066178477578916, 37.655573324554332 ], [ 127.066223772340535, 37.655583232764442 ], [ 127.06640459825897, 37.655622785716865 ], [ 127.066974424210713, 37.655744186926356 ], [ 127.066993827272739, 37.655748321374709 ], [ 127.06703129690149, 37.655629468102966 ], [ 127.06705383021712, 37.655558017155755 ], [ 127.067078649318461, 37.655479289992272 ], [ 127.067146259667652, 37.655264832584741 ], [ 127.06716539961819, 37.655204123904618 ], [ 127.067215162037698, 37.655046271578748 ], [ 127.067271687177822, 37.654861766281122 ], [ 127.067287929966099, 37.654808743460151 ], [ 127.067334463700931, 37.654656848779744 ], [ 127.067359516527247, 37.654575054251715 ] ] ] } },
{ "type": "Feature", "properties": { "ADM_NM": "서원동", "dong_group": "신림동", "safety_score": 63.5, "cctv": 124.0, "light": 676.0, "bell": 52.0, "police": 1.0 }, "geometry": { "type": "Polygon", "coordinates": [ [ [ 126.934207483262526, 37.484808042434565 ], [ 126.934207501805389, 37.484804083761304 ], [ 126.934364827280049, 37.484823879157901 ], [ 126.934421636316827, 37.484831028481644 ], [ 126.934433733959651, 37.484651510741656 ], [ 126.934603792532442, 37.484671536227815 ], [ 126.934688640383797, 37.484678386950222 ], [ 126.934750010589511, 37.484680647344668 ], [ 126.934807341911778, 37.484683170510749 ], [ 126.934820321542773, 37.484683741869809 ], [ 126.934965747002707, 37.484684408616253 ], [ 126.935082476010265, 37.484684222296252 ], [ 126.935203651433994, 37.484680273218167 ], [ 126.935204614416079, 37.484680218332109 ], [ 126.935231648377481, 37.484678787314913 ], [ 126.935437123263867, 37.484665436875325 ], [ 126.935473410176783, 37.484661078242091 ], [ 126.935599648901089, 37.4846459310494 ], [ 126.93564541268664, 37.484640000599867 ], [ 126.93568902525088, 37.484634351897384 ], [ 126.935702210913433, 37.484632644610329 ], [ 126.93573223250894, 37.484628751719015 ], [ 126.935776006964986, 37.484623082124983 ], [ 126.935865948609134, 37.484611680401883 ], [ 126.935866446777794, 37.484611616080137 ], [ 126.935903829120306, 37.484606880369398 ], [ 126.935909327351695, 37.484605684380135 ], [ 126.935910524876178, 37.484605425098614 ], [ 126.93598674542784, 37.484588861495148 ], [ 126.936136688364726, 37.484556264834758 ], [ 126.936196319645632, 37.484540512461749 ], [ 126.936197371396744, 37.484540234454506 ], [ 126.93624087180045, 37.484528274607996 ], [ 126.936359719171293, 37.484492398864994 ], [ 126.936450829022064, 37.484462472158654 ], [ 126.936520984344781, 37.484439283143125 ], [ 126.936630761627328, 37.484397168836203 ], [ 126.936752644190634, 37.484348373587785 ], [ 126.936798916227573, 37.484329397059739 ], [ 126.936892350844616, 37.484291084044884 ], [ 126.936940578967622, 37.484269630839542 ], [ 126.937011217357451, 37.484238095458352 ], [ 126.937090471837408, 37.484202712629305 ], [ 126.937225973633275, 37.484141961270751 ], [ 126.937375560548915, 37.484074898823749 ], [ 126.937527157695243, 37.484007009296022 ], [ 126.937639883992162, 37.483956552497567 ], [ 126.937784808195488, 37.483891702701122 ], [ 126.937788064217486, 37.483890245376671 ], [ 126.937788569425535, 37.483775126365657 ], [ 126.937787386230269, 37.48367807875276 ], [ 126.937787342526576, 37.483676816643886 ], [ 126.937786851458853, 37.483662349317093 ], [ 126.937785707899025, 37.483628692583103 ], [ 126.937782902546559, 37.483310837027233 ], [ 126.937680876055296, 37.483230321717045 ], [ 126.937638274647242, 37.483196716429347 ], [ 126.937602123015637, 37.48316819934724 ], [ 126.937514557421522, 37.483099044939223 ], [ 126.937413320777679, 37.483019162305226 ], [ 126.937336264383035, 37.482958301625231 ], [ 126.937290141420277, 37.482921940213828 ], [ 126.93728926098315, 37.482921247383068 ], [ 126.937254254782047, 37.482872302767305 ], [ 126.937201518083597, 37.482798753142291 ], [ 126.937133082716485, 37.482703119346695 ], [ 126.937064197346757, 37.482607034490144 ], [ 126.937014847370946, 37.48253846920128 ], [ 126.936989033934381, 37.482502008851242 ], [ 126.93698279040936, 37.482493268375634 ], [ 126.936970244007497, 37.482475708722411 ], [ 126.937009634073448, 37.482457999064032 ], [ 126.937324842473387, 37.482316279374608 ], [ 126.937518591400831, 37.482229168101739 ], [ 126.936762644278915, 37.481578695461607 ], [ 126.936761468786642, 37.481577683942213 ], [ 126.936649850420139, 37.481481124699954 ], [ 126.936331538676285, 37.481205747792814 ], [ 126.936313667657075, 37.481190295277784 ], [ 126.9360640995192, 37.48111814672064 ], [ 126.935879070605807, 37.48106465565413 ], [ 126.935674031992377, 37.481005378452501 ], [ 126.93558248726103, 37.480978910845089 ], [ 126.935584524665501, 37.480803081830977 ], [ 126.93558559437362, 37.480710791471722 ], [ 126.935771835546078, 37.480636765534292 ], [ 126.935779026708005, 37.48063390831858 ], [ 126.936127183765549, 37.480514755967143 ], [ 126.936233545384752, 37.480507118857879 ], [ 126.936277403459698, 37.480505801222357 ], [ 126.936296126437256, 37.480505234363804 ], [ 126.936327445203617, 37.480504296745828 ], [ 126.936328078726035, 37.480504278135655 ], [ 126.936351604016053, 37.480503571934619 ], [ 126.936532627224238, 37.480498124075986 ], [ 126.936610608583891, 37.48049577745266 ], [ 126.936593882663999, 37.48042318342511 ], [ 126.93654318575922, 37.480203167084738 ], [ 126.936672484446206, 37.480014720128018 ], [ 126.936926934581976, 37.479643863129375 ], [ 126.936929685901006, 37.479639856182978 ], [ 126.936937870216852, 37.479627921541777 ], [ 126.936950672433682, 37.479609214467203 ], [ 126.936989614171139, 37.479552470241721 ], [ 126.937090634377697, 37.479405269409554 ], [ 126.937398136783074, 37.479371526983329 ], [ 126.937404870785429, 37.479370787485585 ], [ 126.937623982671312, 37.479352696577401 ], [ 126.93768330759795, 37.479347799730768 ], [ 126.937833864085974, 37.47933537256673 ], [ 126.937960826373356, 37.479324893482421 ], [ 126.938093272036184, 37.479238713608382 ], [ 126.938546061768889, 37.478944092024982 ], [ 126.938709163681878, 37.478934537397556 ], [ 126.938790446173499, 37.478942743695555 ], [ 126.938800676414886, 37.478943776571228 ], [ 126.938809309745636, 37.478944646827443 ], [ 126.938856759677776, 37.478949436672238 ], [ 126.938922191679211, 37.478956038895227 ], [ 126.938991319319513, 37.478963015567679 ], [ 126.938996305579039, 37.478963522371508 ], [ 126.939006412208741, 37.478963238658935 ], [ 126.939019233803492, 37.478962884911084 ], [ 126.939025611802492, 37.478962707880925 ], [ 126.939030381161132, 37.478962575491614 ], [ 126.939169772921673, 37.478958703388905 ], [ 126.939250690306494, 37.478956448272548 ], [ 126.939428941365989, 37.478922772083706 ], [ 126.939467487613399, 37.478915495315981 ], [ 126.939538391704289, 37.478839387452624 ], [ 126.939354337983133, 37.478576911126027 ], [ 126.939328633979258, 37.478489499781567 ], [ 126.939312661346705, 37.478382091999379 ], [ 126.939312274831721, 37.478379479830501 ], [ 126.939302663315161, 37.478314871700476 ], [ 126.939314958161901, 37.478292361826909 ], [ 126.939391299361105, 37.47818965190514 ], [ 126.939403965716352, 37.478171756938217 ], [ 126.939444807700241, 37.47809526131136 ], [ 126.939445955873026, 37.478093114314071 ], [ 126.939030932841291, 37.477814407632081 ], [ 126.938882321487512, 37.477714604777837 ], [ 126.938443779680654, 37.477415716483719 ], [ 126.938419002691617, 37.477398829843366 ], [ 126.938418213886195, 37.477398292489795 ], [ 126.938253272062951, 37.477285875125418 ], [ 126.938245978193251, 37.477280902804033 ], [ 126.938238064300833, 37.477275509303801 ], [ 126.938228087833465, 37.477268708890271 ], [ 126.938223421506763, 37.477267934069189 ], [ 126.938097818154048, 37.477247080570287 ], [ 126.938010711177128, 37.477232619509842 ], [ 126.93798206486332, 37.477227862887396 ], [ 126.937848224702179, 37.477205642242012 ], [ 126.937839916594683, 37.477204263294297 ], [ 126.937711440931949, 37.477182931519273 ], [ 126.937576655620049, 37.477189207033156 ], [ 126.937489348882181, 37.477193271166009 ], [ 126.937475745107733, 37.477193904051653 ], [ 126.937246360094733, 37.47720458168228 ], [ 126.936942438176658, 37.477218729054691 ], [ 126.936929172669736, 37.477219347264928 ], [ 126.936922711322822, 37.477219648172749 ], [ 126.936920402160169, 37.477219756147477 ], [ 126.936916426471754, 37.477219940907752 ], [ 126.936914132024981, 37.477220047149764 ], [ 126.936691878001369, 37.477230390834173 ], [ 126.936682172965661, 37.477230843015583 ], [ 126.936657894546045, 37.477231972939556 ], [ 126.936558348383102, 37.477236605373101 ], [ 126.936463212346908, 37.4772410334173 ], [ 126.936185528473018, 37.477271829491912 ], [ 126.936130314964103, 37.477277951232445 ], [ 126.935776612273116, 37.477317176286824 ], [ 126.935568931357381, 37.477340208271677 ], [ 126.935282981358199, 37.477371919976491 ], [ 126.934955554646749, 37.477408227869951 ], [ 126.934934855466381, 37.477315966760536 ], [ 126.934936474587985, 37.4772949989868 ], [ 126.934935895156983, 37.477292343517178 ], [ 126.934920472151973, 37.477221554564551 ], [ 126.934911847801686, 37.477181974318505 ], [ 126.934957640731142, 37.477181939137836 ], [ 126.934973283545673, 37.477181927414335 ], [ 126.934980167920557, 37.477181922479012 ], [ 126.934995590920423, 37.477118720852893 ], [ 126.934997483752198, 37.477110968304657 ], [ 126.934998069486809, 37.477107979496139 ], [ 126.935034756301548, 37.477014863397834 ], [ 126.935027884989822, 37.476960103646945 ], [ 126.935060337123204, 37.476957603414597 ], [ 126.935062115773675, 37.476954500428732 ], [ 126.935062279643049, 37.476954216382893 ], [ 126.935074567386025, 37.476932788545497 ], [ 126.935093510341687, 37.476930977248237 ], [ 126.935089472830612, 37.476906772687435 ], [ 126.935070199965793, 37.476791200262916 ], [ 126.935103745309164, 37.476789651671929 ], [ 126.935104948626034, 37.476794616700751 ], [ 126.935146986017372, 37.476789980982787 ], [ 126.935138382905095, 37.476713760618793 ], [ 126.935136034417539, 37.476692949636899 ], [ 126.935134559592427, 37.476679880095126 ], [ 126.935132427395899, 37.476660986435775 ], [ 126.935137070611219, 37.476649646105272 ], [ 126.935142900607076, 37.476635400059408 ], [ 126.935143232383084, 37.476634595830781 ], [ 126.935148820387965, 37.476620945327205 ], [ 126.935172780677846, 37.476616679266094 ], [ 126.935192668752322, 37.476562611689282 ], [ 126.935196068589761, 37.476528935150306 ], [ 126.935198223102162, 37.476509550011095 ], [ 126.935198363842062, 37.476508281570709 ], [ 126.93520740707919, 37.476426840161736 ], [ 126.935207909300914, 37.476423224508224 ], [ 126.93520798230378, 37.476422691252779 ], [ 126.935209353684016, 37.476412838745638 ], [ 126.935221544935956, 37.47629120096267 ], [ 126.935216223721412, 37.476284283737755 ], [ 126.935126973397729, 37.476168189312972 ], [ 126.935093345084383, 37.476124002567914 ], [ 126.935044428153205, 37.47605730067955 ], [ 126.935025152040865, 37.476032936718845 ], [ 126.934973895563076, 37.476021774359623 ], [ 126.934972346407932, 37.476021437054094 ], [ 126.934896682869152, 37.476004958904554 ], [ 126.934856178854986, 37.476026201294118 ], [ 126.934854919357193, 37.476026898329771 ], [ 126.934854419642988, 37.476027175360827 ], [ 126.934829347621658, 37.476028308325468 ], [ 126.934827603072705, 37.47602838651121 ], [ 126.934797915103019, 37.476029729038821 ], [ 126.934795362210266, 37.476029316623539 ], [ 126.934792195954486, 37.476028803927385 ], [ 126.934735830265311, 37.476019679333454 ], [ 126.934605563096852, 37.475998591601709 ], [ 126.934605076476416, 37.475998331484512 ], [ 126.934586957104713, 37.475988582211812 ], [ 126.934585738346414, 37.475987924697179 ], [ 126.934585074896447, 37.475987567288335 ], [ 126.934562200964663, 37.475975260638428 ], [ 126.934529544633264, 37.475971293410204 ], [ 126.934493658943097, 37.475966933948897 ], [ 126.9344984058677, 37.475946640040071 ], [ 126.934499591999, 37.475941571066748 ], [ 126.93450126436727, 37.475934411465346 ], [ 126.934472280200296, 37.475926858163874 ], [ 126.93444859552848, 37.475920687667923 ], [ 126.934398856803753, 37.475913900309223 ], [ 126.934336247330151, 37.475889447773994 ], [ 126.934188527677364, 37.475846117023153 ], [ 126.933927041111701, 37.475841102279148 ], [ 126.933909757121839, 37.475841019471652 ], [ 126.933804042555437, 37.475840491306123 ], [ 126.933792081214364, 37.475840817966095 ], [ 126.933526263840236, 37.475847989585404 ], [ 126.933484495820409, 37.475857300467197 ], [ 126.933452394613198, 37.475864458370836 ], [ 126.932815247483234, 37.476006514924606 ], [ 126.932798722641706, 37.475905232839118 ], [ 126.93275417282284, 37.475911333890018 ], [ 126.932640738359325, 37.475860812515201 ], [ 126.932539461775249, 37.475815701690806 ], [ 126.932492126215635, 37.475816593832121 ], [ 126.932351914724094, 37.47581922468521 ], [ 126.932339242696102, 37.475819459450584 ], [ 126.932336857529037, 37.47583216255812 ], [ 126.932258600401013, 37.47585977735018 ], [ 126.932252107367063, 37.475911671625774 ], [ 126.932105692009415, 37.47592600085558 ], [ 126.932081691940866, 37.475839131523927 ], [ 126.932055685415747, 37.475845242119505 ], [ 126.931944761457885, 37.47584607984917 ], [ 126.931922960765078, 37.475846244542254 ], [ 126.931901735416005, 37.475858105324598 ], [ 126.931881560672906, 37.475869376257847 ], [ 126.931811989005851, 37.475918079241033 ], [ 126.931756474129699, 37.475924805007608 ], [ 126.931686511833533, 37.47594203599899 ], [ 126.931611620524365, 37.475960488915476 ], [ 126.931577803022833, 37.475976956299 ], [ 126.931495908430506, 37.475965133062765 ], [ 126.931450634296624, 37.475958591284709 ], [ 126.931421829405423, 37.475934878539583 ], [ 126.931365759188353, 37.47593160177648 ], [ 126.93135471309283, 37.475912333450459 ], [ 126.931354492078043, 37.475911948407962 ], [ 126.931218354229387, 37.475674457528491 ], [ 126.931175329802187, 37.475620462726141 ], [ 126.931096379115175, 37.475543649195686 ], [ 126.93101504138302, 37.47547963062248 ], [ 126.930935259872641, 37.475444713546537 ], [ 126.930846090489965, 37.475415738020885 ], [ 126.930705678083584, 37.475417365446781 ], [ 126.930548550489888, 37.475425192815962 ], [ 126.930451902523956, 37.475430007141291 ], [ 126.930451517846251, 37.475430026919632 ], [ 126.930415437782415, 37.475431823366904 ], [ 126.930398276839085, 37.475432678052272 ], [ 126.930413103016477, 37.475414895410857 ], [ 126.93038629337677, 37.475404335644633 ], [ 126.930228894259898, 37.475347521238454 ], [ 126.930232195926791, 37.475344937641061 ], [ 126.930233301791944, 37.475344072261166 ], [ 126.930216569461905, 37.475337483763759 ], [ 126.930207925458021, 37.475333618515606 ], [ 126.930199678738731, 37.475342224579691 ], [ 126.930077523716719, 37.47546968155131 ], [ 126.930072309363339, 37.475475123140484 ], [ 126.930062727692672, 37.47548511986156 ], [ 126.930064096625344, 37.475516333306444 ], [ 126.930094994478949, 37.475763728638988 ], [ 126.930103120615456, 37.475828797257236 ], [ 126.930130739115086, 37.476049949017295 ], [ 126.930134613472447, 37.476080976243431 ], [ 126.930146328818324, 37.476187229017405 ], [ 126.93014754886498, 37.476198287361022 ], [ 126.930161878686519, 37.476328272893923 ], [ 126.930178318574136, 37.47647737559781 ], [ 126.930193966944259, 37.476619314086363 ], [ 126.930224612122089, 37.476897269585628 ], [ 126.930239757075341, 37.4770346285326 ], [ 126.930248619878256, 37.477120385054747 ], [ 126.930255988718912, 37.477191683792029 ], [ 126.930276500012809, 37.477390166285772 ], [ 126.930284665303788, 37.477469188092257 ], [ 126.930291976193828, 37.477539934912571 ], [ 126.930315286083328, 37.477765489661728 ], [ 126.930331323136883, 37.477920654707226 ], [ 126.930391161874425, 37.478052112475375 ], [ 126.930435542138142, 37.478149608225358 ], [ 126.930518114363437, 37.478331007106405 ], [ 126.930657927957739, 37.47863814994043 ], [ 126.930668337346717, 37.478661017083148 ], [ 126.931401668334345, 37.478428070793314 ], [ 126.931420999693685, 37.478421930027942 ], [ 126.93145753438057, 37.478410324181382 ], [ 126.931469248867771, 37.478421735862554 ], [ 126.931626433850667, 37.478574842396313 ], [ 126.931677175574464, 37.478624268194615 ], [ 126.931809527458427, 37.478753211297629 ], [ 126.931810894828118, 37.478754559094426 ], [ 126.931867924102264, 37.478810110031361 ], [ 126.93188989939037, 37.478831516596316 ], [ 126.931683531805447, 37.479034364509381 ], [ 126.931681578703163, 37.479036284021497 ], [ 126.931494280742442, 37.479220390339442 ], [ 126.93149171001663, 37.47922291709606 ], [ 126.931195559011584, 37.479514024834032 ], [ 126.931194944820007, 37.479514627589865 ], [ 126.930848564656429, 37.479855104262008 ], [ 126.930842803210624, 37.479860767683078 ], [ 126.930590025873357, 37.480109227719069 ], [ 126.930588601462631, 37.480110626972873 ], [ 126.930244825356496, 37.480448534685387 ], [ 126.930209547294339, 37.480483215565144 ], [ 126.930201590988304, 37.480491036135014 ], [ 126.930096555548261, 37.480594274937872 ], [ 126.930041134727432, 37.480648746166231 ], [ 126.930003183134403, 37.480686048754563 ], [ 126.929880864658415, 37.480806274797182 ], [ 126.929594475181318, 37.481087769257684 ], [ 126.929462148833721, 37.481217832630165 ], [ 126.928911018120274, 37.48175952876062 ], [ 126.928891873085036, 37.481778348506609 ], [ 126.928889258841323, 37.481780922766504 ], [ 126.928883073365228, 37.481785491593918 ], [ 126.928419529613905, 37.482127806561174 ], [ 126.928301282197282, 37.482215129431381 ], [ 126.927707976481088, 37.482653264261316 ], [ 126.927636299314599, 37.482706194486269 ], [ 126.927149417643463, 37.483065731630141 ], [ 126.926682114545116, 37.483410806618913 ], [ 126.926616257671157, 37.4834594379412 ], [ 126.926611802070525, 37.483462727904453 ], [ 126.92618076372321, 37.483781010056525 ], [ 126.926241341264145, 37.483787693077211 ], [ 126.926660730454316, 37.483833960432001 ], [ 126.92684621974378, 37.48386984931426 ], [ 126.927060913833301, 37.483911386828254 ], [ 126.927239331061784, 37.483945906789828 ], [ 126.927321085560294, 37.483961721716859 ], [ 126.927410745867661, 37.483971681828429 ], [ 126.927443714140708, 37.483975344277212 ], [ 126.927777424896647, 37.484012410504988 ], [ 126.927787254811761, 37.484013502787334 ], [ 126.927788640366771, 37.484013655517813 ], [ 126.928020005171206, 37.484039354960835 ], [ 126.928064547233404, 37.48404430271939 ], [ 126.928077385584388, 37.484045728621652 ], [ 126.928165856077854, 37.484055554408279 ], [ 126.928167595365181, 37.484055746703397 ], [ 126.928191259307312, 37.484058374219707 ], [ 126.928464334411515, 37.484088703025712 ], [ 126.928987757048631, 37.484146836871155 ], [ 126.928990609522387, 37.484147153513454 ], [ 126.929342496781047, 37.484186234780253 ], [ 126.929689606184724, 37.484224783570944 ], [ 126.929691852926339, 37.484225030571963 ], [ 126.929692870039659, 37.484225145447283 ], [ 126.929695119015989, 37.48422539606446 ], [ 126.929704152246273, 37.484226398712813 ], [ 126.929723338678457, 37.484228528392599 ], [ 126.930346535912435, 37.484326629853911 ], [ 126.9303564799459, 37.484328195685563 ], [ 126.930488297803166, 37.484348944063733 ], [ 126.930552239288659, 37.48435901036563 ], [ 126.930880942096266, 37.484410751146314 ], [ 126.931100062878571, 37.484445241418605 ], [ 126.931104884658311, 37.484446000144153 ], [ 126.931378117376156, 37.4844890104876 ], [ 126.931499722845061, 37.484508150140158 ], [ 126.931559442736031, 37.484517549310517 ], [ 126.931863043802423, 37.484565337619635 ], [ 126.931864184835476, 37.48456551977268 ], [ 126.931864964379741, 37.484565640697774 ], [ 126.931957681131763, 37.48458023241777 ], [ 126.9319792673829, 37.484583627959353 ], [ 126.931993742598337, 37.48458505499665 ], [ 126.932499496610532, 37.484634853550915 ], [ 126.93250174243417, 37.484635075256129 ], [ 126.932502454511962, 37.484635143574216 ], [ 126.932518438665213, 37.484636716604314 ], [ 126.932616615383424, 37.484646383777992 ], [ 126.932949319196595, 37.484679139212254 ], [ 126.933143133204666, 37.484698220817442 ], [ 126.93332226067416, 37.484715856191379 ], [ 126.933391067555533, 37.484725347596282 ], [ 126.933411903404689, 37.484728221898358 ], [ 126.933418221964999, 37.484729092265127 ], [ 126.93342904101624, 37.484730584517933 ], [ 126.933475348859645, 37.484736966456474 ], [ 126.933494697747207, 37.48473963351244 ], [ 126.933976398799075, 37.484806050424631 ], [ 126.934190203084057, 37.484835526796637 ], [ 126.934201209746888, 37.484837043312588 ], [ 126.934203851087631, 37.484837315552909 ], [ 126.934207348019072, 37.48483767481541 ], [ 126.934207483262526, 37.484808042434565 ] ] ] } },
{ "type": "Feature", "properties": { "ADM_NM": "신원동", "dong_group": "신림동", "safety_score": 57.6, "cctv": 77.0, "light": 657.0, "bell": 43.0, "police": 0.0 }, "geometry": { "type": "Polygon", "coordinates": [ [ [ 126.931809527458427, 37.478753211297629 ], [ 126.931677175574464, 37.478624268194615 ], [ 126.931626433850667, 37.478574842396313 ], [ 126.931469248867771, 37.478421735862554 ], [ 126.93145753438057, 37.478410324181382 ], [ 126.931420999693685, 37.478421930027942 ], [ 126.931401668334345, 37.478428070793314 ], [ 126.930668337346717, 37.478661017083148 ], [ 126.930657927957739, 37.47863814994043 ], [ 126.930518114363437, 37.478331007106405 ], [ 126.930435542138142, 37.478149608225358 ], [ 126.930391161874425, 37.478052112475375 ], [ 126.930331323136883, 37.477920654707226 ], [ 126.930315286083328, 37.477765489661728 ], [ 126.930291976193828, 37.477539934912571 ], [ 126.930284665303788, 37.477469188092257 ], [ 126.930276500012809, 37.477390166285772 ], [ 126.930255988718912, 37.477191683792029 ], [ 126.930248619878256, 37.477120385054747 ], [ 126.930239757075341, 37.4770346285326 ], [ 126.930224612122089, 37.476897269585628 ], [ 126.930193966944259, 37.476619314086363 ], [ 126.930178318574136, 37.47647737559781 ], [ 126.930161878686519, 37.476328272893923 ], [ 126.93014754886498, 37.476198287361022 ], [ 126.930146328818324, 37.476187229017405 ], [ 126.930134613472447, 37.476080976243431 ], [ 126.930130739115086, 37.476049949017295 ], [ 126.930103120615456, 37.475828797257236 ], [ 126.930094994478949, 37.475763728638988 ], [ 126.930064096625344, 37.475516333306444 ], [ 126.930062727692672, 37.47548511986156 ], [ 126.930072309363339, 37.475475123140484 ], [ 126.930077523716719, 37.47546968155131 ], [ 126.930199678738731, 37.475342224579691 ], [ 126.930207925458021, 37.475333618515606 ], [ 126.930216569461905, 37.475337483763759 ], [ 126.930233301791944, 37.475344072261166 ], [ 126.930249143420809, 37.475331675648569 ], [ 126.930217390921271, 37.475321494015347 ], [ 126.930187211156081, 37.475311817508242 ], [ 126.930252148141562, 37.475251707166265 ], [ 126.930253063873764, 37.475250858896537 ], [ 126.930231804902434, 37.475240917151709 ], [ 126.930157094225819, 37.475205984343525 ], [ 126.930083438503758, 37.475171537902213 ], [ 126.930061378314818, 37.475161220902322 ], [ 126.930025785642513, 37.475144574176149 ], [ 126.929780947781651, 37.475030088443283 ], [ 126.929607630367684, 37.474949043577709 ], [ 126.929546358040852, 37.474920392828565 ], [ 126.929421788519093, 37.474904525934072 ], [ 126.929368664690571, 37.474897759773398 ], [ 126.929183747457614, 37.474873418630814 ], [ 126.92912297427614, 37.474870765261116 ], [ 126.928648462186317, 37.474850051516789 ], [ 126.92839431191166, 37.474887007447968 ], [ 126.928311719279222, 37.474867421537866 ], [ 126.92802643913025, 37.474799769392391 ], [ 126.927962474598175, 37.474800070855693 ], [ 126.927605943229693, 37.474804273359268 ], [ 126.927326629479381, 37.474598812651656 ], [ 126.927046424057039, 37.474471244184834 ], [ 126.926801355717146, 37.47435642848334 ], [ 126.92670709084932, 37.474313841642704 ], [ 126.926620225539637, 37.47444598117233 ], [ 126.926615857933569, 37.474448186333625 ], [ 126.926615527558951, 37.474448352383135 ], [ 126.926592120517142, 37.474460168275364 ], [ 126.926542714034227, 37.474570717203449 ], [ 126.926481196121088, 37.474708339119509 ], [ 126.926296837340487, 37.475038707848363 ], [ 126.926285028476258, 37.475133168778868 ], [ 126.926267850205008, 37.475270477657745 ], [ 126.926265533528181, 37.475285629062967 ], [ 126.926264778642505, 37.475290581066993 ], [ 126.926264660535367, 37.475291384505383 ], [ 126.926264602226382, 37.475291762792843 ], [ 126.926256276051461, 37.475346209489693 ], [ 126.926241891054218, 37.475389296686885 ], [ 126.926233671042084, 37.475413876478889 ], [ 126.926215432299585, 37.47546842285837 ], [ 126.92618419221013, 37.475561839376354 ], [ 126.926207071466763, 37.475662895432357 ], [ 126.926181012996182, 37.475855615440409 ], [ 126.92605686910386, 37.475940449540239 ], [ 126.926024402386503, 37.475962622082619 ], [ 126.92600975330528, 37.475972626304333 ], [ 126.925894270356935, 37.476051501961045 ], [ 126.925838590044691, 37.476089528320088 ], [ 126.925827517256337, 37.476095662338366 ], [ 126.925815054275589, 37.476102564768084 ], [ 126.92562414764717, 37.476208296432375 ], [ 126.925366737528378, 37.476350858363674 ], [ 126.925338484631965, 37.476372268829046 ], [ 126.92533683628551, 37.476373517305682 ], [ 126.925327873315425, 37.476380307811915 ], [ 126.925191211284201, 37.476483863509962 ], [ 126.925019911111704, 37.476584364341313 ], [ 126.924875043934108, 37.476669351416106 ], [ 126.924874706456279, 37.476669557085835 ], [ 126.924828020909956, 37.476692691236245 ], [ 126.924823069896817, 37.476695144067392 ], [ 126.924402893050612, 37.476903345122672 ], [ 126.924364803385544, 37.476947475740431 ], [ 126.924351060848153, 37.476963389869347 ], [ 126.924176655011891, 37.477165450193645 ], [ 126.924091018751724, 37.477242086322235 ], [ 126.92405487967514, 37.477274429367746 ], [ 126.924053370750457, 37.477275779457891 ], [ 126.923975291413683, 37.477345652490555 ], [ 126.923974633200103, 37.477346238769876 ], [ 126.923945141306319, 37.477372630971608 ], [ 126.923831333643292, 37.477474474845522 ], [ 126.92381856749671, 37.477485897697157 ], [ 126.923581654567016, 37.477750814048783 ], [ 126.923512650557896, 37.477988084394752 ], [ 126.923457301207378, 37.478124599916008 ], [ 126.92345711098406, 37.478125069496691 ], [ 126.923452173231325, 37.478137260606402 ], [ 126.923413005215508, 37.478233851890742 ], [ 126.923367127406308, 37.478347000809435 ], [ 126.923298931822714, 37.478459929008466 ], [ 126.92318345302526, 37.47865113281533 ], [ 126.923078202931762, 37.478729595923078 ], [ 126.92307713819001, 37.478730391129922 ], [ 126.923076858356694, 37.478730599779922 ], [ 126.923063263705529, 37.478740734065823 ], [ 126.923061098655424, 37.478742390104692 ], [ 126.923026857448988, 37.478827679743631 ], [ 126.923008991327805, 37.478872182672887 ], [ 126.922915625890937, 37.479104719593614 ], [ 126.922896702088579, 37.479151875441708 ], [ 126.922879353705625, 37.479195069401563 ], [ 126.922852879695654, 37.479270096203891 ], [ 126.922787054663857, 37.479456634234815 ], [ 126.92277219350224, 37.47971299432114 ], [ 126.922769487231761, 37.47975956687511 ], [ 126.922733675088978, 37.479972651351247 ], [ 126.92272924837458, 37.479996449903929 ], [ 126.9227246948507, 37.480020853549142 ], [ 126.922701318076122, 37.48014633271228 ], [ 126.922672412913982, 37.480301480984735 ], [ 126.922672162784707, 37.48030326715481 ], [ 126.922671701181599, 37.480305343430075 ], [ 126.922671462054538, 37.480306581628426 ], [ 126.922662224517865, 37.480356167948109 ], [ 126.922649749684837, 37.480423132847697 ], [ 126.922637711363734, 37.48048775184153 ], [ 126.922611902734886, 37.480626288778147 ], [ 126.922562838169256, 37.480811916146578 ], [ 126.922553258660074, 37.480848161590565 ], [ 126.922510131701415, 37.481011316458151 ], [ 126.922448898415283, 37.481242985119508 ], [ 126.922442780935512, 37.481266153454094 ], [ 126.922440072638906, 37.481276365214768 ], [ 126.92242084825601, 37.481332629517674 ], [ 126.922412718520164, 37.481356398232315 ], [ 126.922406280351183, 37.481375233973885 ], [ 126.922405684462504, 37.481376974286199 ], [ 126.922385494571472, 37.48142612575684 ], [ 126.922349866281721, 37.481512820800148 ], [ 126.922349329591512, 37.481516273980787 ], [ 126.922327306034688, 37.481658440172119 ], [ 126.922326479733044, 37.48166219479269 ], [ 126.922363451507906, 37.481782551743443 ], [ 126.922263681918722, 37.481877153526071 ], [ 126.922172692059007, 37.481946111277573 ], [ 126.922171218727101, 37.481947228966021 ], [ 126.922097768723006, 37.482005823904267 ], [ 126.922096793399561, 37.482006603314602 ], [ 126.922024349322228, 37.482064395510299 ], [ 126.921783499501331, 37.482241121550267 ], [ 126.921783657239132, 37.482241347661585 ], [ 126.921784993253155, 37.482243373240493 ], [ 126.921876244639193, 37.482381017193333 ], [ 126.921947044518404, 37.482487808504629 ], [ 126.92194099199321, 37.482488564875368 ], [ 126.921912954069654, 37.482492067372533 ], [ 126.921877655602884, 37.482496477155657 ], [ 126.921757715740497, 37.482511460250294 ], [ 126.921680829977475, 37.482766375355865 ], [ 126.921576186684788, 37.483113327297026 ], [ 126.921573586609824, 37.483121947767032 ], [ 126.92157591386966, 37.483122306183347 ], [ 126.92159282153321, 37.483124909153318 ], [ 126.921593907208546, 37.483125076712696 ], [ 126.921907916065933, 37.483173401220505 ], [ 126.922443590961166, 37.483255836238165 ], [ 126.922723865656678, 37.483298965896438 ], [ 126.922727348642567, 37.483299503899048 ], [ 126.922849043598873, 37.483318230146701 ], [ 126.923340442422173, 37.483393848672335 ], [ 126.923343302947941, 37.483394288074763 ], [ 126.923349116634043, 37.483395181753259 ], [ 126.923353660471207, 37.483395881751377 ], [ 126.923632547775739, 37.483438796074083 ], [ 126.923719854753884, 37.483452231249274 ], [ 126.923743753468457, 37.483455908177781 ], [ 126.924289947109116, 37.483539951795244 ], [ 126.924405224729909, 37.483557690633589 ], [ 126.924411406733483, 37.483558641938416 ], [ 126.92446601217442, 37.483567045406602 ], [ 126.924920735744038, 37.483637011069916 ], [ 126.924948256571341, 37.483641245298649 ], [ 126.925262435939331, 37.483689586067321 ], [ 126.925399089034784, 37.483710612413766 ], [ 126.925486031755042, 37.48372398953088 ], [ 126.925757837975937, 37.483765808919436 ], [ 126.925915296564199, 37.483771467598508 ], [ 126.92618076372321, 37.483781010056525 ], [ 126.926611802070525, 37.483462727904453 ], [ 126.926616257671157, 37.4834594379412 ], [ 126.926682114545116, 37.483410806618913 ], [ 126.927149417643463, 37.483065731630141 ], [ 126.927636299314599, 37.482706194486269 ], [ 126.927707976481088, 37.482653264261316 ], [ 126.928301282197282, 37.482215129431381 ], [ 126.928419529613905, 37.482127806561174 ], [ 126.928883073365228, 37.481785491593918 ], [ 126.928889258841323, 37.481780922766504 ], [ 126.928891873085036, 37.481778348506609 ], [ 126.928911018120274, 37.48175952876062 ], [ 126.929462148833721, 37.481217832630165 ], [ 126.929594475181318, 37.481087769257684 ], [ 126.929880864658415, 37.480806274797182 ], [ 126.930003183134403, 37.480686048754563 ], [ 126.930041134727432, 37.480648746166231 ], [ 126.930096555548261, 37.480594274937872 ], [ 126.930201590988304, 37.480491036135014 ], [ 126.930209547294339, 37.480483215565144 ], [ 126.930244825356496, 37.480448534685387 ], [ 126.930588601462631, 37.480110626972873 ], [ 126.930590025873357, 37.480109227719069 ], [ 126.930842803210624, 37.479860767683078 ], [ 126.930848564656429, 37.479855104262008 ], [ 126.931194944820007, 37.479514627589865 ], [ 126.931195559011584, 37.479514024834032 ], [ 126.93149171001663, 37.47922291709606 ], [ 126.931494280742442, 37.479220390339442 ], [ 126.931681578703163, 37.479036284021497 ], [ 126.931683531805447, 37.479034364509381 ], [ 126.93188989939037, 37.478831516596316 ], [ 126.931867924102264, 37.478810110031361 ], [ 126.931810894828118, 37.478754559094426 ], [ 126.931809527458427, 37.478753211297629 ] ] ] } },
{ "type": "Feature", "properties": { "ADM_NM": "서림동", "dong_group": "신림동", "safety_score": 68.7, "cctv": 96.0, "light": 666.0, "bell": 62.0, "police": 1.0 }, "geometry": { "type": "Polygon", "coordinates": [ [ [ 126.940313910701008, 37.477251227112141 ], [ 126.940391251599266, 37.477168223156234 ], [ 126.940458671063581, 37.477095867688305 ], [ 126.940529785487058, 37.477019547472885 ], [ 126.940595368000487, 37.476949159004882 ], [ 126.940656673762632, 37.476883372421817 ], [ 126.940666462724167, 37.47687286475054 ], [ 126.940680527069972, 37.476857769570373 ], [ 126.940698588390944, 37.476860115676018 ], [ 126.940777682148635, 37.476753496940525 ], [ 126.940818201384246, 37.476710005248904 ], [ 126.940829547667079, 37.476697827504815 ], [ 126.940872469126063, 37.476718689772184 ], [ 126.940888199603279, 37.476726330217737 ], [ 126.940918568684125, 37.476709187659061 ], [ 126.940945770121559, 37.476693832822619 ], [ 126.941004461276805, 37.476651481636232 ], [ 126.941099282380293, 37.476583054656494 ], [ 126.941149289402617, 37.476546969127419 ], [ 126.94124305062185, 37.476470324735025 ], [ 126.941247463424418, 37.476466716731721 ], [ 126.941252738028226, 37.476467058953546 ], [ 126.941270368303705, 37.47646819871759 ], [ 126.941328317634927, 37.476445080664199 ], [ 126.941440255319847, 37.476400388703205 ], [ 126.941487432916006, 37.476381551580502 ], [ 126.941583458725134, 37.476343237997845 ], [ 126.941604254691129, 37.476334939219605 ], [ 126.941609704094319, 37.476332763854309 ], [ 126.941610707035849, 37.476328539417409 ], [ 126.94171403977731, 37.476287817576413 ], [ 126.941717222172898, 37.476289817405977 ], [ 126.941718925963471, 37.476289136818046 ], [ 126.941803418717598, 37.476255418672658 ], [ 126.941831675203218, 37.476244143658683 ], [ 126.941946688426427, 37.476198250711207 ], [ 126.942065429275658, 37.476150826718047 ], [ 126.942071587391823, 37.476143378121662 ], [ 126.942095660654033, 37.47611425801292 ], [ 126.942122229776643, 37.476082119314079 ], [ 126.942155392938659, 37.476042003165688 ], [ 126.942177742449857, 37.476018067631145 ], [ 126.942179219248317, 37.476016427820099 ], [ 126.942200188512686, 37.475993921630007 ], [ 126.942289250321167, 37.475909307826434 ], [ 126.942317991034372, 37.475879718460916 ], [ 126.942318465145334, 37.475879230359297 ], [ 126.942411277264227, 37.475783922409697 ], [ 126.942414823289724, 37.475780362550488 ], [ 126.942441643680525, 37.475753339274959 ], [ 126.942474175174752, 37.47572056703185 ], [ 126.942649616337334, 37.475543804434501 ], [ 126.942669081131228, 37.475524193438488 ], [ 126.942681263384571, 37.475511925714386 ], [ 126.942800905993025, 37.475391426622238 ], [ 126.942812962864735, 37.475379284483125 ], [ 126.94285937546033, 37.475343771657563 ], [ 126.942932367402804, 37.475287450060257 ], [ 126.942958624908883, 37.47526718961285 ], [ 126.942957144012979, 37.475253691085484 ], [ 126.94298571503198, 37.475246286810048 ], [ 126.943014201978883, 37.475224303546206 ], [ 126.943108312964085, 37.475158417016658 ], [ 126.943116263070621, 37.475152850735888 ], [ 126.943160968595791, 37.475118427599561 ], [ 126.943164843842183, 37.475115453349588 ], [ 126.943184282971998, 37.475101707290591 ], [ 126.943186539770764, 37.475100110802138 ], [ 126.943217535732487, 37.475078190689594 ], [ 126.943221269384054, 37.475075551076181 ], [ 126.943237718935876, 37.47506247324965 ], [ 126.943240082993952, 37.47506059604148 ], [ 126.943408091343272, 37.474937540814437 ], [ 126.943408764522729, 37.474937048237898 ], [ 126.943428179948981, 37.474922826108653 ], [ 126.94347873593054, 37.474906817237567 ], [ 126.943503241325587, 37.474899061085026 ], [ 126.943524765246579, 37.474939693883201 ], [ 126.943661892150686, 37.474848828211961 ], [ 126.943698844635009, 37.47483712768787 ], [ 126.943747451589942, 37.474725021910004 ], [ 126.943888857536237, 37.474605283939681 ], [ 126.943865887153365, 37.474588596221025 ], [ 126.944273667003685, 37.474265632434125 ], [ 126.944786829610123, 37.47396185303456 ], [ 126.944930405647781, 37.473924603797819 ], [ 126.945070752619245, 37.473815474722564 ], [ 126.945242242131442, 37.473682129749804 ], [ 126.945705510266777, 37.473555676285088 ], [ 126.945834739283484, 37.473520401119146 ], [ 126.945881228349307, 37.473422250159018 ], [ 126.94599779402111, 37.473176141472635 ], [ 126.946323318752505, 37.472941581343562 ], [ 126.94638614087728, 37.472896313769532 ], [ 126.94638731422863, 37.472895468383435 ], [ 126.946631320867255, 37.472719642005231 ], [ 126.946790984442913, 37.472604591044288 ], [ 126.947831003845636, 37.472409216831444 ], [ 126.947859153100751, 37.472406049394827 ], [ 126.948050028773224, 37.472475829408346 ], [ 126.948173116390691, 37.472520826036316 ], [ 126.948364119823239, 37.47258761272343 ], [ 126.94854464223539, 37.472654395255034 ], [ 126.948719946435432, 37.472719083642964 ], [ 126.94883769147539, 37.472756655389624 ], [ 126.949070571098829, 37.472802611142725 ], [ 126.949181019708305, 37.472681762465157 ], [ 126.949403140294208, 37.472438724759506 ], [ 126.949708329426926, 37.47234504759443 ], [ 126.949806899568983, 37.472210759602397 ], [ 126.949825821013789, 37.472184981377396 ], [ 126.949897011622554, 37.47208799389211 ], [ 126.950123644604361, 37.47186291376898 ], [ 126.950134962123144, 37.471851576850327 ], [ 126.950353604690989, 37.47163255408551 ], [ 126.950407447433818, 37.471578616565353 ], [ 126.95044358730631, 37.471581312069162 ], [ 126.950607541444697, 37.471593543403053 ], [ 126.95077728806676, 37.471435770655937 ], [ 126.950778529191865, 37.471434617275641 ], [ 126.950779512850218, 37.471435112187713 ], [ 126.951100600605074, 37.471596844403336 ], [ 126.951396911990841, 37.471670159869042 ], [ 126.951710201485653, 37.47147357797386 ], [ 126.951766396989299, 37.471438316113982 ], [ 126.95216853225223, 37.471166643635463 ], [ 126.952174948912244, 37.47116231440674 ], [ 126.952181188328183, 37.471158097927329 ], [ 126.952224074455998, 37.471129256723621 ], [ 126.952321292003191, 37.471063884633672 ], [ 126.952304353219489, 37.471002842617196 ], [ 126.952237125209621, 37.470760553597479 ], [ 126.952214453160337, 37.470719315816332 ], [ 126.952213104756723, 37.47067039814759 ], [ 126.952235476452358, 37.470618896274836 ], [ 126.95219770377652, 37.470541224905091 ], [ 126.952194059944588, 37.470529771551739 ], [ 126.952193313570064, 37.470527445285811 ], [ 126.952170260622438, 37.470345181587547 ], [ 126.952155693625258, 37.470234704611741 ], [ 126.952128863370078, 37.470087658464628 ], [ 126.952103806993193, 37.469959129068805 ], [ 126.952104271292825, 37.469933631734484 ], [ 126.952107655076105, 37.469747213630725 ], [ 126.952120813545307, 37.469643306315824 ], [ 126.952132613421043, 37.469561762663496 ], [ 126.95212594113022, 37.469527845979691 ], [ 126.952124914986015, 37.469524962276374 ], [ 126.952093939855175, 37.469475753092432 ], [ 126.952010025219664, 37.469309574013586 ], [ 126.951941223463621, 37.469229266381717 ], [ 126.951794163365847, 37.46915252289083 ], [ 126.951738688487694, 37.46912357429931 ], [ 126.951682382933114, 37.469072112149711 ], [ 126.951606999316752, 37.468982313098991 ], [ 126.951534826368558, 37.468855836315115 ], [ 126.951522339151964, 37.468832646736971 ], [ 126.951408565956186, 37.4687266774188 ], [ 126.95131392709601, 37.468625373048965 ], [ 126.951264077447632, 37.468573562103927 ], [ 126.951173269636612, 37.468522932779912 ], [ 126.951054760389596, 37.468485760006004 ], [ 126.950982831522523, 37.46847036769811 ], [ 126.95080821113207, 37.46832751081773 ], [ 126.950624703043999, 37.468221563637229 ], [ 126.950548183054252, 37.468177922709451 ], [ 126.950513595350714, 37.46815883239951 ], [ 126.950512957868327, 37.468158479707142 ], [ 126.950389861877326, 37.468090537722738 ], [ 126.950284320378799, 37.468031547567584 ], [ 126.950201029996222, 37.467985795478825 ], [ 126.950117306332572, 37.46794687272763 ], [ 126.950080399525021, 37.467927465937471 ], [ 126.949851815796492, 37.467837680988893 ], [ 126.949582785802889, 37.467761896424115 ], [ 126.949531642868209, 37.467750060378194 ], [ 126.949519651632698, 37.467747245451427 ], [ 126.949481463082805, 37.467738272062697 ], [ 126.94947223993735, 37.467736105486679 ], [ 126.949400786741705, 37.467719062239212 ], [ 126.949280252428309, 37.467702954768313 ], [ 126.949156079892447, 37.467686122646334 ], [ 126.949099607552881, 37.46768089107735 ], [ 126.949037324707461, 37.467678770926909 ], [ 126.948966655414537, 37.467672964730383 ], [ 126.948866131244245, 37.467670000949639 ], [ 126.94883333694095, 37.467670887257235 ], [ 126.948620656245481, 37.467680576161541 ], [ 126.948440352698384, 37.467705517211222 ], [ 126.948374399508708, 37.467710885209186 ], [ 126.94815599373527, 37.467760801315684 ], [ 126.948003975178892, 37.467797204793726 ], [ 126.947882942895632, 37.467830225837339 ], [ 126.947818668320124, 37.467859037644672 ], [ 126.947817867288776, 37.467859398051154 ], [ 126.94759830708378, 37.467956055893183 ], [ 126.947476274833065, 37.468009800432064 ], [ 126.947374075686938, 37.468070868314655 ], [ 126.947309986411597, 37.468111628243349 ], [ 126.947246869613565, 37.468149161308361 ], [ 126.947176615748617, 37.468197314129078 ], [ 126.947150874167846, 37.468215115446874 ], [ 126.947115043371653, 37.468210459025826 ], [ 126.947093262047275, 37.46821090784097 ], [ 126.947029103513827, 37.468282526269597 ], [ 126.947006141494867, 37.468306317484355 ], [ 126.946968773177744, 37.46834503810674 ], [ 126.946954238916661, 37.468357690081653 ], [ 126.946856009124915, 37.468429220151243 ], [ 126.946797420109561, 37.468476991989974 ], [ 126.946752936340943, 37.468510019587647 ], [ 126.94669317697165, 37.468564359515682 ], [ 126.946651542735552, 37.468597866420772 ], [ 126.946617224504593, 37.468641277470127 ], [ 126.946387535426283, 37.468827390688638 ], [ 126.946291189722771, 37.468904120942184 ], [ 126.946155208648761, 37.469007594388366 ], [ 126.946119612209998, 37.469042402122476 ], [ 126.946102268265136, 37.469055098507035 ], [ 126.946095000419874, 37.469060429335023 ], [ 126.946088630753707, 37.469057447521031 ], [ 126.946074734769695, 37.469067851680542 ], [ 126.945931210149098, 37.469175621438829 ], [ 126.945890278302841, 37.469205802639834 ], [ 126.945865260747524, 37.46922424523072 ], [ 126.945851213536201, 37.469234599079442 ], [ 126.945756315137913, 37.469305545336901 ], [ 126.94559421593992, 37.469426050303888 ], [ 126.945552819498189, 37.469455555889851 ], [ 126.945516662632841, 37.469481657273711 ], [ 126.945446591168093, 37.469458263531394 ], [ 126.945446061329051, 37.469458649531084 ], [ 126.945182700121308, 37.469650032124484 ], [ 126.94496651805764, 37.46980713167266 ], [ 126.94494775659885, 37.469820765851935 ], [ 126.944660301043641, 37.470029656570063 ], [ 126.944466953364127, 37.47018040876393 ], [ 126.944418399073768, 37.470218265646302 ], [ 126.943783790036264, 37.470713061579566 ], [ 126.943653848877048, 37.470760415712157 ], [ 126.942925570436529, 37.471025828585347 ], [ 126.942800249166481, 37.471024415645594 ], [ 126.942797981889299, 37.471024392334925 ], [ 126.942425000036835, 37.471020187513489 ], [ 126.942041543619283, 37.471015862649288 ], [ 126.942036891490545, 37.471015810936834 ], [ 126.941858524306454, 37.471013798575051 ], [ 126.941806783322562, 37.47100743212485 ], [ 126.94146643455268, 37.470965569090019 ], [ 126.941383646137609, 37.470955384453951 ], [ 126.941381403338482, 37.470955111555142 ], [ 126.941051180879057, 37.470914492204074 ], [ 126.940894297443506, 37.470895192780731 ], [ 126.940871995122279, 37.470892449871016 ], [ 126.940869129796084, 37.470892097401183 ], [ 126.940794038149022, 37.470882860047631 ], [ 126.940500424893472, 37.470846744344605 ], [ 126.940491375862692, 37.470845629779646 ], [ 126.940483988841947, 37.470844721383145 ], [ 126.94024007272094, 37.470814715412907 ], [ 126.939796480098323, 37.470812187721684 ], [ 126.939794213879338, 37.470812175174757 ], [ 126.939560759676212, 37.470810846393796 ], [ 126.939320112216834, 37.470809470400354 ], [ 126.939129767029797, 37.470808386777094 ], [ 126.938952580442745, 37.470829610886838 ], [ 126.938939788743923, 37.470831143753166 ], [ 126.93892846288918, 37.470832497898357 ], [ 126.937915452221944, 37.470953821492593 ], [ 126.937889350350716, 37.470956945824952 ], [ 126.937792208536308, 37.470968579912494 ], [ 126.937708719772232, 37.470978283281198 ], [ 126.937282656377292, 37.471027796556044 ], [ 126.937261316147016, 37.471029028937735 ], [ 126.93687489767278, 37.471051311983118 ], [ 126.936872628104169, 37.471051443581722 ], [ 126.93682660326111, 37.471054097763187 ], [ 126.936807905958091, 37.471055175006661 ], [ 126.93636451792203, 37.47113156566266 ], [ 126.936250490698342, 37.471153371801911 ], [ 126.9362482777574, 37.471153792995118 ], [ 126.936226683886161, 37.471157921850811 ], [ 126.936017860692644, 37.471197852453599 ], [ 126.935356758145076, 37.471324263786165 ], [ 126.935347252804192, 37.471326082374951 ], [ 126.935329803897858, 37.471329418748773 ], [ 126.935186873901642, 37.471356746271326 ], [ 126.935016042715688, 37.471389409663757 ], [ 126.934812038298219, 37.47148384114297 ], [ 126.9343770113299, 37.471685207158636 ], [ 126.934195055845308, 37.471769426146743 ], [ 126.934180124374407, 37.471776338379925 ], [ 126.934139354212093, 37.471795209597452 ], [ 126.933912474291603, 37.471900221883175 ], [ 126.933836301863053, 37.472020759870013 ], [ 126.933793174273006, 37.472089006053494 ], [ 126.933710243840949, 37.472220239549316 ], [ 126.933698501589873, 37.472238820680495 ], [ 126.933669950009715, 37.472284000581233 ], [ 126.933583950511476, 37.472420089317218 ], [ 126.933543468649646, 37.472678069798533 ], [ 126.933538514297865, 37.472997970900323 ], [ 126.933533415804675, 37.473062741567858 ], [ 126.933533116857063, 37.473066538462461 ], [ 126.933532891665493, 37.473069403705239 ], [ 126.933586845745438, 37.473201614135675 ], [ 126.933588606133554, 37.473207521069114 ], [ 126.93361607758942, 37.473299686938297 ], [ 126.933673202454244, 37.473382673074518 ], [ 126.933962625469576, 37.473697247976148 ], [ 126.934011752230418, 37.473750643669035 ], [ 126.933966916457436, 37.473778648644334 ], [ 126.933908157660497, 37.47381534991159 ], [ 126.933833260047606, 37.473862128531053 ], [ 126.933808782014168, 37.473877415466298 ], [ 126.933795041935809, 37.473885998166089 ], [ 126.93379352499089, 37.473886944534911 ], [ 126.933681469213937, 37.473956930752593 ], [ 126.933635276464997, 37.473985781782019 ], [ 126.933614957181803, 37.473998473767885 ], [ 126.933613855623619, 37.47399967540742 ], [ 126.933579487945323, 37.474037219920234 ], [ 126.933582690245359, 37.4740396878694 ], [ 126.933596911704996, 37.474050647164603 ], [ 126.933605484123902, 37.474057258263734 ], [ 126.933529536509837, 37.47410913875455 ], [ 126.93345673768917, 37.474187491886262 ], [ 126.933439427034131, 37.474206123801501 ], [ 126.933435719775972, 37.47420432854517 ], [ 126.933368942180039, 37.47428938866171 ], [ 126.933387545109511, 37.474294932896932 ], [ 126.933359819523091, 37.474327495835617 ], [ 126.933364283436816, 37.474328535778675 ], [ 126.933346858012371, 37.474346183746597 ], [ 126.933332964277227, 37.47435382914253 ], [ 126.933330231869562, 37.474355332124084 ], [ 126.933317903080905, 37.474362116113475 ], [ 126.933292009616906, 37.47436651494489 ], [ 126.933276961385573, 37.474367692052759 ], [ 126.933259868325607, 37.474369028806187 ], [ 126.933047772886496, 37.47438561484104 ], [ 126.933017504415631, 37.474387980786219 ], [ 126.932984607980671, 37.474388502550973 ], [ 126.932909399166704, 37.474357471069453 ], [ 126.9328971394592, 37.474352413291633 ], [ 126.932864369705044, 37.474335274402527 ], [ 126.93283995200764, 37.474334448730552 ], [ 126.932774208878058, 37.474277738713496 ], [ 126.932480917816406, 37.474074391701052 ], [ 126.932370417315852, 37.474007472207745 ], [ 126.932329307041016, 37.473966271883278 ], [ 126.932139951431665, 37.473840832035272 ], [ 126.932124174286145, 37.473909660602736 ], [ 126.932080664242662, 37.47401793544973 ], [ 126.932044900627758, 37.474157948310264 ], [ 126.932024840480921, 37.474236484640414 ], [ 126.932002660542679, 37.474382614501813 ], [ 126.931970201671405, 37.474520178901045 ], [ 126.931955406895625, 37.474524321628444 ], [ 126.93190371022807, 37.474538789570282 ], [ 126.931890901896267, 37.474542716500586 ], [ 126.93189043598052, 37.474542861181924 ], [ 126.931825118998731, 37.474562889883124 ], [ 126.931750144795529, 37.474584561250637 ], [ 126.931628916264216, 37.474626926115157 ], [ 126.931533052349181, 37.474661260098429 ], [ 126.931528715819326, 37.474662813908743 ], [ 126.931482241059257, 37.474679458332297 ], [ 126.931394426279525, 37.474700768437827 ], [ 126.931251248993391, 37.474735516262868 ], [ 126.931206335385909, 37.474746418323633 ], [ 126.931118469532677, 37.474760719010796 ], [ 126.930980764310647, 37.474783136124067 ], [ 126.930829213635789, 37.474717596682119 ], [ 126.930817959156911, 37.474712723803208 ], [ 126.930793893364097, 37.47470231795846 ], [ 126.930764518206431, 37.474689616007325 ], [ 126.930719157514332, 37.47466999391478 ], [ 126.930716314041021, 37.474617544563401 ], [ 126.930709378003684, 37.474489605614146 ], [ 126.930707268127776, 37.474451671673947 ], [ 126.9307495676277, 37.4744320221387 ], [ 126.93076137565626, 37.474426532063518 ], [ 126.930935165690869, 37.474345761961104 ], [ 126.931042721886726, 37.474295821848344 ], [ 126.931057439236938, 37.474273845475516 ], [ 126.931048676657426, 37.474269221674604 ], [ 126.931011451176204, 37.474249581179031 ], [ 126.930892017351738, 37.474186529187449 ], [ 126.930891282914061, 37.474186141671076 ], [ 126.930823316009423, 37.474150268294316 ], [ 126.930458287391133, 37.474253167934144 ], [ 126.930439249034507, 37.474258534793385 ], [ 126.929990587691037, 37.474385011366607 ], [ 126.929514073215302, 37.474519337789992 ], [ 126.929340822595506, 37.474576806469756 ], [ 126.929314535475541, 37.474639778231726 ], [ 126.929183747457614, 37.474873418630814 ], [ 126.929368664690571, 37.474897759773398 ], [ 126.929421788519093, 37.474904525934072 ], [ 126.929546358040852, 37.474920392828565 ], [ 126.929607630367684, 37.474949043577709 ], [ 126.929780947781651, 37.475030088443283 ], [ 126.930025785642513, 37.475144574176149 ], [ 126.930061378314818, 37.475161220902322 ], [ 126.930083438503758, 37.475171537902213 ], [ 126.930157094225819, 37.475205984343525 ], [ 126.930231804902434, 37.475240917151709 ], [ 126.930253063873764, 37.475250858896537 ], [ 126.930252148141562, 37.475251707166265 ], [ 126.930187211156081, 37.475311817508242 ], [ 126.930217390921271, 37.475321494015347 ], [ 126.930249143420809, 37.475331675648569 ], [ 126.930233301791944, 37.475344072261166 ], [ 126.930232195926791, 37.475344937641061 ], [ 126.930228894259898, 37.475347521238454 ], [ 126.93038629337677, 37.475404335644633 ], [ 126.930413103016477, 37.475414895410857 ], [ 126.930398276839085, 37.475432678052272 ], [ 126.930415437782415, 37.475431823366904 ], [ 126.930451517846251, 37.475430026919632 ], [ 126.930451902523956, 37.475430007141291 ], [ 126.930548550489888, 37.475425192815962 ], [ 126.930705678083584, 37.475417365446781 ], [ 126.930846090489965, 37.475415738020885 ], [ 126.930935259872641, 37.475444713546537 ], [ 126.93101504138302, 37.47547963062248 ], [ 126.931096379115175, 37.475543649195686 ], [ 126.931175329802187, 37.475620462726141 ], [ 126.931218354229387, 37.475674457528491 ], [ 126.931354492078043, 37.475911948407962 ], [ 126.93135471309283, 37.475912333450459 ], [ 126.931365759188353, 37.47593160177648 ], [ 126.931421829405423, 37.475934878539583 ], [ 126.931450634296624, 37.475958591284709 ], [ 126.931495908430506, 37.475965133062765 ], [ 126.931577803022833, 37.475976956299 ], [ 126.931611620524365, 37.475960488915476 ], [ 126.931686511833533, 37.47594203599899 ], [ 126.931756474129699, 37.475924805007608 ], [ 126.931811989005851, 37.475918079241033 ], [ 126.931881560672906, 37.475869376257847 ], [ 126.931901735416005, 37.475858105324598 ], [ 126.931922960765078, 37.475846244542254 ], [ 126.931944761457885, 37.47584607984917 ], [ 126.932055685415747, 37.475845242119505 ], [ 126.932081691940866, 37.475839131523927 ], [ 126.932105692009415, 37.47592600085558 ], [ 126.932252107367063, 37.475911671625774 ], [ 126.932258600401013, 37.47585977735018 ], [ 126.932336857529037, 37.47583216255812 ], [ 126.932339242696102, 37.475819459450584 ], [ 126.932351914724094, 37.47581922468521 ], [ 126.932492126215635, 37.475816593832121 ], [ 126.932539461775249, 37.475815701690806 ], [ 126.932640738359325, 37.475860812515201 ], [ 126.93275417282284, 37.475911333890018 ], [ 126.932798722641706, 37.475905232839118 ], [ 126.932815247483234, 37.476006514924606 ], [ 126.933452394613198, 37.475864458370836 ], [ 126.933484495820409, 37.475857300467197 ], [ 126.933526263840236, 37.475847989585404 ], [ 126.933792081214364, 37.475840817966095 ], [ 126.933804042555437, 37.475840491306123 ], [ 126.933909757121839, 37.475841019471652 ], [ 126.933927041111701, 37.475841102279148 ], [ 126.934188527677364, 37.475846117023153 ], [ 126.934336247330151, 37.475889447773994 ], [ 126.934398856803753, 37.475913900309223 ], [ 126.93444859552848, 37.475920687667923 ], [ 126.934472280200296, 37.475926858163874 ], [ 126.93450126436727, 37.475934411465346 ], [ 126.934499591999, 37.475941571066748 ], [ 126.9344984058677, 37.475946640040071 ], [ 126.934493658943097, 37.475966933948897 ], [ 126.934529544633264, 37.475971293410204 ], [ 126.934562200964663, 37.475975260638428 ], [ 126.934585074896447, 37.475987567288335 ], [ 126.934585738346414, 37.475987924697179 ], [ 126.934586957104713, 37.475988582211812 ], [ 126.934605076476416, 37.475998331484512 ], [ 126.934605563096852, 37.475998591601709 ], [ 126.934735830265311, 37.476019679333454 ], [ 126.934792195954486, 37.476028803927385 ], [ 126.934795362210266, 37.476029316623539 ], [ 126.934797915103019, 37.476029729038821 ], [ 126.934827603072705, 37.47602838651121 ], [ 126.934829347621658, 37.476028308325468 ], [ 126.934854419642988, 37.476027175360827 ], [ 126.934854919357193, 37.476026898329771 ], [ 126.934856178854986, 37.476026201294118 ], [ 126.934896682869152, 37.476004958904554 ], [ 126.934972346407932, 37.476021437054094 ], [ 126.934973895563076, 37.476021774359623 ], [ 126.935025152040865, 37.476032936718845 ], [ 126.935044428153205, 37.47605730067955 ], [ 126.935093345084383, 37.476124002567914 ], [ 126.935126973397729, 37.476168189312972 ], [ 126.935216223721412, 37.476284283737755 ], [ 126.935221544935956, 37.47629120096267 ], [ 126.935209353684016, 37.476412838745638 ], [ 126.93520798230378, 37.476422691252779 ], [ 126.935207909300914, 37.476423224508224 ], [ 126.93520740707919, 37.476426840161736 ], [ 126.935198363842062, 37.476508281570709 ], [ 126.935198223102162, 37.476509550011095 ], [ 126.935196068589761, 37.476528935150306 ], [ 126.935192668752322, 37.476562611689282 ], [ 126.935172780677846, 37.476616679266094 ], [ 126.935148820387965, 37.476620945327205 ], [ 126.935143232383084, 37.476634595830781 ], [ 126.935142900607076, 37.476635400059408 ], [ 126.935137070611219, 37.476649646105272 ], [ 126.935132427395899, 37.476660986435775 ], [ 126.935134559592427, 37.476679880095126 ], [ 126.935136034417539, 37.476692949636899 ], [ 126.935138382905095, 37.476713760618793 ], [ 126.935146986017372, 37.476789980982787 ], [ 126.935104948626034, 37.476794616700751 ], [ 126.935103745309164, 37.476789651671929 ], [ 126.935070199965793, 37.476791200262916 ], [ 126.935089472830612, 37.476906772687435 ], [ 126.935093510341687, 37.476930977248237 ], [ 126.935074567386025, 37.476932788545497 ], [ 126.935062279643049, 37.476954216382893 ], [ 126.935062115773675, 37.476954500428732 ], [ 126.935060337123204, 37.476957603414597 ], [ 126.935027884989822, 37.476960103646945 ], [ 126.935034756301548, 37.477014863397834 ], [ 126.934998069486809, 37.477107979496139 ], [ 126.934997483752198, 37.477110968304657 ], [ 126.934995590920423, 37.477118720852893 ], [ 126.934980167920557, 37.477181922479012 ], [ 126.934973283545673, 37.477181927414335 ], [ 126.934957640731142, 37.477181939137836 ], [ 126.934911847801686, 37.477181974318505 ], [ 126.934920472151973, 37.477221554564551 ], [ 126.934935895156983, 37.477292343517178 ], [ 126.934936474587985, 37.4772949989868 ], [ 126.934934855466381, 37.477315966760536 ], [ 126.934955554646749, 37.477408227869951 ], [ 126.935282981358199, 37.477371919976491 ], [ 126.935568931357381, 37.477340208271677 ], [ 126.935776612273116, 37.477317176286824 ], [ 126.936130314964103, 37.477277951232445 ], [ 126.936185528473018, 37.477271829491912 ], [ 126.936463212346908, 37.4772410334173 ], [ 126.936558348383102, 37.477236605373101 ], [ 126.936657894546045, 37.477231972939556 ], [ 126.936682172965661, 37.477230843015583 ], [ 126.936691878001369, 37.477230390834173 ], [ 126.936914132024981, 37.477220047149764 ], [ 126.936916426471754, 37.477219940907752 ], [ 126.936920402160169, 37.477219756147477 ], [ 126.936922711322822, 37.477219648172749 ], [ 126.936929172669736, 37.477219347264928 ], [ 126.936942438176658, 37.477218729054691 ], [ 126.937246360094733, 37.47720458168228 ], [ 126.937475745107733, 37.477193904051653 ], [ 126.937489348882181, 37.477193271166009 ], [ 126.937576655620049, 37.477189207033156 ], [ 126.937711440931949, 37.477182931519273 ], [ 126.937839916594683, 37.477204263294297 ], [ 126.937848224702179, 37.477205642242012 ], [ 126.93798206486332, 37.477227862887396 ], [ 126.938010711177128, 37.477232619509842 ], [ 126.938097818154048, 37.477247080570287 ], [ 126.938223421506763, 37.477267934069189 ], [ 126.938228087833465, 37.477268708890271 ], [ 126.938238064300833, 37.477275509303801 ], [ 126.938245978193251, 37.477280902804033 ], [ 126.938253272062951, 37.477285875125418 ], [ 126.938418213886195, 37.477398292489795 ], [ 126.938419002691617, 37.477398829843366 ], [ 126.938443779680654, 37.477415716483719 ], [ 126.938882321487512, 37.477714604777837 ], [ 126.939030932841291, 37.477814407632081 ], [ 126.939445955873026, 37.478093114314071 ], [ 126.939495002667314, 37.478001244360179 ], [ 126.939508123383717, 37.477994133589895 ], [ 126.939556837162598, 37.477871568960509 ], [ 126.939601862516071, 37.477755678501467 ], [ 126.939657555755375, 37.477588832524042 ], [ 126.939670197515412, 37.477550427891401 ], [ 126.939677300642757, 37.477528855105049 ], [ 126.939696998918492, 37.477509502604093 ], [ 126.939702871159938, 37.477503731108442 ], [ 126.93976852849994, 37.477439387976283 ], [ 126.939832627024359, 37.477376585950708 ], [ 126.93986783674633, 37.477342086613923 ], [ 126.939885940625459, 37.477324347165137 ], [ 126.939967114811168, 37.477310477858722 ], [ 126.940008633345585, 37.477303380847729 ], [ 126.940042717392203, 37.477297559164448 ], [ 126.940070167640513, 37.477292868786925 ], [ 126.940166388392967, 37.477276433271783 ], [ 126.940313910701008, 37.477251227112141 ] ] ] } },
{ "type": "Feature", "properties": { "ADM_NM": "신사동", "dong_group": "신림동", "safety_score": 66.6, "cctv": 101.0, "light": 728.0, "bell": 43.0, "police": 1.0 }, "geometry": { "type": "Polygon", "coordinates": [ [ [ 126.925692680538234, 37.484183087421783 ], [ 126.925703595441718, 37.48417409535876 ], [ 126.925732269443316, 37.484197051693627 ], [ 126.92587941879431, 37.484083008744655 ], [ 126.925847905441969, 37.484055214582753 ], [ 126.925862149731884, 37.484043481432586 ], [ 126.925873369647618, 37.484034238455706 ], [ 126.926155934826198, 37.483801464747103 ], [ 126.92618076372321, 37.483781010056525 ], [ 126.925915296564199, 37.483771467598508 ], [ 126.925757837975937, 37.483765808919436 ], [ 126.925486031755042, 37.48372398953088 ], [ 126.925399089034784, 37.483710612413766 ], [ 126.925262435939331, 37.483689586067321 ], [ 126.924948256571341, 37.483641245298649 ], [ 126.924920735744038, 37.483637011069916 ], [ 126.92446601217442, 37.483567045406602 ], [ 126.924411406733483, 37.483558641938416 ], [ 126.924405224729909, 37.483557690633589 ], [ 126.924289947109116, 37.483539951795244 ], [ 126.923743753468457, 37.483455908177781 ], [ 126.923719854753884, 37.483452231249274 ], [ 126.923632547775739, 37.483438796074083 ], [ 126.923353660471207, 37.483395881751377 ], [ 126.923349116634043, 37.483395181753259 ], [ 126.923343302947941, 37.483394288074763 ], [ 126.923340442422173, 37.483393848672335 ], [ 126.922849043598873, 37.483318230146701 ], [ 126.922727348642567, 37.483299503899048 ], [ 126.922723865656678, 37.483298965896438 ], [ 126.922443590961166, 37.483255836238165 ], [ 126.921907916065933, 37.483173401220505 ], [ 126.921593907208546, 37.483125076712696 ], [ 126.92159282153321, 37.483124909153318 ], [ 126.92157591386966, 37.483122306183347 ], [ 126.921573586609824, 37.483121947767032 ], [ 126.921544023811578, 37.483117225036111 ], [ 126.921191510731433, 37.483060905181262 ], [ 126.921110651223643, 37.48304798646371 ], [ 126.920645991737274, 37.482973748993778 ], [ 126.920441656994825, 37.482941102882663 ], [ 126.920213212792333, 37.482904602884041 ], [ 126.920048617175723, 37.482871430014001 ], [ 126.920033112795309, 37.482868305516483 ], [ 126.920023739468178, 37.482866417129856 ], [ 126.920021542947737, 37.48286597459721 ], [ 126.919534654888324, 37.482767846739648 ], [ 126.919105907278052, 37.482681432860858 ], [ 126.91820073129341, 37.482498992442189 ], [ 126.918198034532978, 37.482498446460326 ], [ 126.918191396459335, 37.482497111310792 ], [ 126.918137449594184, 37.482486237569368 ], [ 126.918132932374533, 37.482485327485755 ], [ 126.918131451863957, 37.482485028154656 ], [ 126.918130043627215, 37.482484743601198 ], [ 126.918127475588136, 37.482484226193733 ], [ 126.91787554722417, 37.48243344660024 ], [ 126.917574256320748, 37.482372719130296 ], [ 126.917571206083721, 37.482372103789857 ], [ 126.916844076814343, 37.482225538376866 ], [ 126.916841645450845, 37.48222504685409 ], [ 126.916271695086522, 37.482110161162979 ], [ 126.916198781782498, 37.482097713702508 ], [ 126.916185125354716, 37.482095383815334 ], [ 126.91550274283226, 37.481978882405897 ], [ 126.915444384176752, 37.481968916712468 ], [ 126.915443550552936, 37.481968775581713 ], [ 126.914538435740269, 37.48181424050135 ], [ 126.914537115035856, 37.481819266233643 ], [ 126.914375465153469, 37.48243443809541 ], [ 126.914366062667384, 37.482470220431082 ], [ 126.914365159291322, 37.482473653728889 ], [ 126.914364561749721, 37.482475725690847 ], [ 126.914363351351597, 37.482480527529439 ], [ 126.914347695990969, 37.482540114353476 ], [ 126.914229756412382, 37.483136801240285 ], [ 126.91417820249373, 37.483397614634562 ], [ 126.914117801997008, 37.483718681290107 ], [ 126.914117514028973, 37.483720215774092 ], [ 126.91411743149159, 37.483720646213357 ], [ 126.914080906955846, 37.483914802116907 ], [ 126.914014711299004, 37.484266676264028 ], [ 126.914014103604998, 37.484269900107059 ], [ 126.914005428773962, 37.484316010150522 ], [ 126.913905502358546, 37.484810719839736 ], [ 126.913903558633137, 37.484820338488909 ], [ 126.913903368402416, 37.484821233493705 ], [ 126.913903222137762, 37.484822002526677 ], [ 126.913903075150401, 37.484822719277396 ], [ 126.913902777641724, 37.484824170788407 ], [ 126.913901786935384, 37.484829075563304 ], [ 126.913899031014111, 37.484842756202987 ], [ 126.913802317454511, 37.485321437548002 ], [ 126.913801765574362, 37.485324174933702 ], [ 126.913760788129849, 37.485526912034317 ], [ 126.913708085717474, 37.485787778897894 ], [ 126.913707844535224, 37.485788969294298 ], [ 126.913707177435455, 37.485792264948557 ], [ 126.913693370919859, 37.485860589559501 ], [ 126.91369292375461, 37.485862808282732 ], [ 126.913692184896618, 37.485866456912454 ], [ 126.913647988037411, 37.486085210403488 ], [ 126.913625674147397, 37.486195657332168 ], [ 126.913623636183985, 37.486205746014591 ], [ 126.913617921127354, 37.486234043675942 ], [ 126.913564117631907, 37.486500341056079 ], [ 126.913556758406855, 37.486540145379209 ], [ 126.913556285948232, 37.486542704688809 ], [ 126.91352990812679, 37.486685353103773 ], [ 126.913529577421329, 37.486687142457185 ], [ 126.913496580556952, 37.48686561305621 ], [ 126.913474523917756, 37.48698490802937 ], [ 126.913413449816744, 37.487018115432626 ], [ 126.913363236640421, 37.487045418769227 ], [ 126.913271847981861, 37.487095107393934 ], [ 126.913159925360844, 37.487155964510897 ], [ 126.913159907549542, 37.487170821477555 ], [ 126.913159909228412, 37.487171329850824 ], [ 126.91315989948599, 37.487177780809105 ], [ 126.913159765957303, 37.487291152734059 ], [ 126.91315968134964, 37.487363277937888 ], [ 126.913045070129925, 37.487363191709306 ], [ 126.913065486953101, 37.48737812135348 ], [ 126.913122085919838, 37.487446225974708 ], [ 126.913451135082383, 37.487650284858603 ], [ 126.913362520495923, 37.487754787971483 ], [ 126.913560075590539, 37.48801697457624 ], [ 126.91356107479713, 37.488017502322712 ], [ 126.913561510746476, 37.488017733431171 ], [ 126.913860390421675, 37.48817469156949 ], [ 126.9139211173067, 37.488206581767074 ], [ 126.914247857758028, 37.488378172743658 ], [ 126.914491104537959, 37.488501898060022 ], [ 126.914745963802829, 37.488631528401285 ], [ 126.914862321751201, 37.488690712740883 ], [ 126.915018261368616, 37.488765877511305 ], [ 126.915125055897846, 37.488817352711287 ], [ 126.915307569887403, 37.488904063431164 ], [ 126.91537398581707, 37.488935620495383 ], [ 126.915374673315313, 37.488935942977562 ], [ 126.915733353834383, 37.489108901125263 ], [ 126.915784215976885, 37.489133849810337 ], [ 126.915818842276394, 37.489150834931529 ], [ 126.91595783557149, 37.489219013883122 ], [ 126.916354909609794, 37.489413788881777 ], [ 126.916577943601794, 37.489522516037674 ], [ 126.916651027783729, 37.489558143389722 ], [ 126.916892103706331, 37.489633848625928 ], [ 126.917098266675225, 37.489698588278564 ], [ 126.917098930199515, 37.489698795258867 ], [ 126.917099521541303, 37.489698974842341 ], [ 126.917229644779383, 37.489739541460835 ], [ 126.917320875154203, 37.489767978559314 ], [ 126.917541454249275, 37.489831018277485 ], [ 126.917772650072948, 37.48989708979029 ], [ 126.91785833479851, 37.489921282600079 ], [ 126.91786802476129, 37.489924018191338 ], [ 126.918056704298252, 37.489977289501851 ], [ 126.918155406579345, 37.490000789079787 ], [ 126.918539809400627, 37.490092310702927 ], [ 126.918788287733321, 37.490100463029691 ], [ 126.918880960208455, 37.490103502201059 ], [ 126.919189686039331, 37.489966225080956 ], [ 126.9194688689808, 37.489842084362529 ], [ 126.919680905151594, 37.489747800482235 ], [ 126.919792020695695, 37.489698391284101 ], [ 126.919848441073214, 37.489673303298375 ], [ 126.920010153724007, 37.489601393022177 ], [ 126.920074395780091, 37.489572827136143 ], [ 126.920227882101472, 37.489504574442023 ], [ 126.92035406523442, 37.489411111859098 ], [ 126.920421511717592, 37.489371698359399 ], [ 126.92042672507705, 37.489368652113214 ], [ 126.920613525130065, 37.489259498351068 ], [ 126.920748579062391, 37.48916751019749 ], [ 126.920840639334799, 37.489104806209227 ], [ 126.920921233599856, 37.48904991118183 ], [ 126.920953788976334, 37.489027738747239 ], [ 126.92116318925197, 37.488879884272137 ], [ 126.921310954120457, 37.488775544262452 ], [ 126.921332501390978, 37.488760330352726 ], [ 126.921520014095194, 37.488627923632173 ], [ 126.921524996845079, 37.488624405699596 ], [ 126.92153103393882, 37.488620141198084 ], [ 126.921653837470259, 37.488533423531216 ], [ 126.921821868948243, 37.488385072403005 ], [ 126.92197185154744, 37.488252655236323 ], [ 126.921973564445139, 37.488251144831352 ], [ 126.921988292626892, 37.488238158037994 ], [ 126.921990009077021, 37.48823662691894 ], [ 126.922074906345728, 37.488161668117741 ], [ 126.922153509863335, 37.488092268683623 ], [ 126.922326122070885, 37.48784735616924 ], [ 126.922332114769276, 37.487838854131702 ], [ 126.922332494482234, 37.487838312470338 ], [ 126.922339523324325, 37.487828339978115 ], [ 126.922340671546479, 37.487826710531643 ], [ 126.92235099294858, 37.487812065280984 ], [ 126.922537462461761, 37.487547487696972 ], [ 126.922625306213718, 37.487422846592381 ], [ 126.922629282631732, 37.487417203703266 ], [ 126.922635302705686, 37.487408663024965 ], [ 126.922688328357111, 37.487333420914382 ], [ 126.922689445663607, 37.487331838183785 ], [ 126.922923813412183, 37.486999284741948 ], [ 126.922925184612865, 37.486997339101052 ], [ 126.922941106073651, 37.486974749551067 ], [ 126.923234585569659, 37.4865583479299 ], [ 126.923235147087539, 37.486557550266362 ], [ 126.9232419744407, 37.486547859759831 ], [ 126.923252518628544, 37.486532880208941 ], [ 126.923290294218006, 37.486479275247021 ], [ 126.923469919705042, 37.486300762106595 ], [ 126.923542922462687, 37.486228213886434 ], [ 126.923571621078921, 37.48619969527109 ], [ 126.92374945454695, 37.486022963044043 ], [ 126.923890741187151, 37.485882546470883 ], [ 126.923959840388264, 37.485813877318776 ], [ 126.924083729207837, 37.485690757445951 ], [ 126.924126189529247, 37.485648559180291 ], [ 126.92412760973852, 37.485647147367004 ], [ 126.924264869147279, 37.485510732557444 ], [ 126.924309806076835, 37.485466071166378 ], [ 126.924311221699568, 37.485464666539308 ], [ 126.924503182928063, 37.485273889437053 ], [ 126.924522404538379, 37.485254785062999 ], [ 126.92452870534585, 37.485248524281729 ], [ 126.924622118701151, 37.485155686996031 ], [ 126.924724692360542, 37.485053744562691 ], [ 126.924888662842392, 37.484890780699288 ], [ 126.924890132024814, 37.484889321343047 ], [ 126.924913215036895, 37.484866379694353 ], [ 126.925009734489791, 37.484770454740996 ], [ 126.92515539427545, 37.484625689014592 ], [ 126.92516989263811, 37.484613744465676 ], [ 126.925171473713988, 37.484612442486359 ], [ 126.925265145449643, 37.484535279633569 ], [ 126.925269882984281, 37.484531377269391 ], [ 126.925474691622895, 37.484362661364877 ], [ 126.925692680538234, 37.484183087421783 ] ] ] } },
{ "type": "Feature", "properties": { "ADM_NM": "신림동", "dong_group": "신림동", "safety_score": 46.1, "cctv": 73.0, "light": 525.0, "bell": 33.0, "police": 0.0 }, "geometry": { "type": "Polygon", "coordinates": [ [ [ 126.921014973313206, 37.490636505111411 ], [ 126.921326344007952, 37.490596207769876 ], [ 126.921735648983443, 37.490544387456723 ], [ 126.921760807735097, 37.490535151820062 ], [ 126.921999958286179, 37.490472197838344 ], [ 126.922233151764843, 37.490461209867341 ], [ 126.922301814796342, 37.490458003318473 ], [ 126.922335770585079, 37.490458331600827 ], [ 126.922417912335476, 37.490399957588465 ], [ 126.922508449039071, 37.490368402043572 ], [ 126.922448666342092, 37.490110782523558 ], [ 126.922557472544355, 37.49009581737937 ], [ 126.922681521698408, 37.49007875705982 ], [ 126.922682298568191, 37.490080406732623 ], [ 126.922799065552439, 37.490062553563881 ], [ 126.923406062788118, 37.490003024811067 ], [ 126.923584058482021, 37.489985568831933 ], [ 126.923839025451798, 37.489996677010055 ], [ 126.924151228704218, 37.489977942114642 ], [ 126.924155022450648, 37.489963680418754 ], [ 126.924301222560231, 37.489966718446226 ], [ 126.924370376556354, 37.489968155070287 ], [ 126.92464216717481, 37.489973576608641 ], [ 126.924952556463751, 37.489969795979043 ], [ 126.92528807400106, 37.489965400369151 ], [ 126.925422526705105, 37.489975691663716 ], [ 126.925440133422157, 37.489977039192247 ], [ 126.92558385786954, 37.48995949103513 ], [ 126.925694615964957, 37.489945963842395 ], [ 126.925785186215265, 37.489934896474345 ], [ 126.92584858333025, 37.489927061743614 ], [ 126.925857516785356, 37.489925960436672 ], [ 126.925891276599714, 37.489920828129655 ], [ 126.925945276515321, 37.48991260877024 ], [ 126.925995378664226, 37.489904941908023 ], [ 126.926111644134494, 37.489887152428444 ], [ 126.926172057172607, 37.489877536369484 ], [ 126.926241145599874, 37.489866540072434 ], [ 126.92627027775066, 37.489861844873808 ], [ 126.926294220315341, 37.489857113650373 ], [ 126.926444420455638, 37.48982742036889 ], [ 126.926605209688759, 37.489795032759098 ], [ 126.926662269372883, 37.48978354518168 ], [ 126.926732285366484, 37.489769272160778 ], [ 126.926798041355866, 37.489755881588444 ], [ 126.926803547994197, 37.489754541849543 ], [ 126.926822565576842, 37.489749927234975 ], [ 126.926834142032362, 37.489747118888928 ], [ 126.92694452801517, 37.489720337875568 ], [ 126.927065060220897, 37.489691087574549 ], [ 126.927157857755191, 37.48966854937612 ], [ 126.927271796097429, 37.489639751820356 ], [ 126.927291137108995, 37.4896348448558 ], [ 126.927405802187835, 37.489602409213134 ], [ 126.927560111406493, 37.489557833198553 ], [ 126.927655451288857, 37.489527466927569 ], [ 126.927791462982029, 37.489482951588457 ], [ 126.927839591655513, 37.489468196932073 ], [ 126.927923524116608, 37.489440556782405 ], [ 126.927945686321465, 37.489433258552147 ], [ 126.928075748036534, 37.489392407832085 ], [ 126.928081959483592, 37.489390456720201 ], [ 126.928202023800026, 37.489352120920493 ], [ 126.928292188654666, 37.489316777032677 ], [ 126.928411638377241, 37.4892702951893 ], [ 126.928451592243405, 37.48925474178823 ], [ 126.928653998735427, 37.489175849820434 ], [ 126.928700283005796, 37.489157560685868 ], [ 126.92886884133749, 37.489090955099613 ], [ 126.928955105893422, 37.489051669142704 ], [ 126.928955936787816, 37.489051290983724 ], [ 126.929042843803288, 37.48901170160628 ], [ 126.929172513978756, 37.488952710680508 ], [ 126.929202259316853, 37.488939310613773 ], [ 126.929268921255698, 37.488909279486549 ], [ 126.929365566794317, 37.488865739398513 ], [ 126.929401788939046, 37.488849388876737 ], [ 126.929521201463714, 37.488795859817991 ], [ 126.929538902318228, 37.488787925919944 ], [ 126.92973388754865, 37.488700792103856 ], [ 126.929887112679722, 37.488631885589037 ], [ 126.929898556167302, 37.488626739982848 ], [ 126.929916563201346, 37.488618694835623 ], [ 126.930057342533942, 37.488555799579906 ], [ 126.930119015789884, 37.488528095541753 ], [ 126.930228481475268, 37.488479418457217 ], [ 126.930246270954555, 37.488471264047263 ], [ 126.930398478074224, 37.488401484848559 ], [ 126.930433932845361, 37.488386028059075 ], [ 126.930485511334652, 37.488363542689186 ], [ 126.930526049280999, 37.488345134095574 ], [ 126.930555514596165, 37.488331753066497 ], [ 126.930587240952889, 37.488317346367346 ], [ 126.930705883632754, 37.488263532068046 ], [ 126.930779350642922, 37.488230207767302 ], [ 126.930979368862481, 37.488139647535526 ], [ 126.931059354895183, 37.48810343406106 ], [ 126.931337556167676, 37.487979360485596 ], [ 126.931396502452614, 37.487953589579504 ], [ 126.931630388624924, 37.487849525761362 ], [ 126.931706081336372, 37.487815848339949 ], [ 126.931717983972717, 37.487810533506746 ], [ 126.931960166439737, 37.487702408663495 ], [ 126.932146535318225, 37.487619664979157 ], [ 126.932242890115859, 37.487576885469636 ], [ 126.932527613820398, 37.487450318415014 ], [ 126.932569463610164, 37.487431367390045 ], [ 126.932691135592407, 37.487376269477366 ], [ 126.932764358056744, 37.487343191531444 ], [ 126.932946959915839, 37.487260703400679 ], [ 126.933133518113536, 37.487176417733799 ], [ 126.933176030115987, 37.487157210979944 ], [ 126.933283986003048, 37.487109917293672 ], [ 126.933475755958355, 37.487023954319305 ], [ 126.933574297193303, 37.486979781687126 ], [ 126.93387433424212, 37.486844669604103 ], [ 126.934199326236595, 37.486700432848615 ], [ 126.934200136576408, 37.486700073482467 ], [ 126.934200390103442, 37.486661658852817 ], [ 126.934200433742859, 37.486654972794099 ], [ 126.934201128123846, 37.486549255932303 ], [ 126.934201130663538, 37.486548769211574 ], [ 126.934203949087177, 37.485575140167235 ], [ 126.93420443628635, 37.485471093410581 ], [ 126.93420446115195, 37.485464046717659 ], [ 126.934205537436725, 37.485230593094322 ], [ 126.934207348019072, 37.48483767481541 ], [ 126.934203851087631, 37.484837315552909 ], [ 126.934201209746888, 37.484837043312588 ], [ 126.934190203084057, 37.484835526796637 ], [ 126.933976398799075, 37.484806050424631 ], [ 126.933494697747207, 37.48473963351244 ], [ 126.933475348859645, 37.484736966456474 ], [ 126.93342904101624, 37.484730584517933 ], [ 126.933418221964999, 37.484729092265127 ], [ 126.933411903404689, 37.484728221898358 ], [ 126.933391067555533, 37.484725347596282 ], [ 126.93332226067416, 37.484715856191379 ], [ 126.933143133204666, 37.484698220817442 ], [ 126.932949319196595, 37.484679139212254 ], [ 126.932616615383424, 37.484646383777992 ], [ 126.932518438665213, 37.484636716604314 ], [ 126.932502454511962, 37.484635143574216 ], [ 126.93250174243417, 37.484635075256129 ], [ 126.932499496610532, 37.484634853550915 ], [ 126.931993742598337, 37.48458505499665 ], [ 126.9319792673829, 37.484583627959353 ], [ 126.931957681131763, 37.48458023241777 ], [ 126.931864964379741, 37.484565640697774 ], [ 126.931864184835476, 37.48456551977268 ], [ 126.931863043802423, 37.484565337619635 ], [ 126.931559442736031, 37.484517549310517 ], [ 126.931499722845061, 37.484508150140158 ], [ 126.931378117376156, 37.4844890104876 ], [ 126.931104884658311, 37.484446000144153 ], [ 126.931100062878571, 37.484445241418605 ], [ 126.930880942096266, 37.484410751146314 ], [ 126.930552239288659, 37.48435901036563 ], [ 126.930488297803166, 37.484348944063733 ], [ 126.9303564799459, 37.484328195685563 ], [ 126.930346535912435, 37.484326629853911 ], [ 126.929723338678457, 37.484228528392599 ], [ 126.929704152246273, 37.484226398712813 ], [ 126.929695119015989, 37.48422539606446 ], [ 126.929692870039659, 37.484225145447283 ], [ 126.929691852926339, 37.484225030571963 ], [ 126.929689606184724, 37.484224783570944 ], [ 126.929342496781047, 37.484186234780253 ], [ 126.928990609522387, 37.484147153513454 ], [ 126.928987757048631, 37.484146836871155 ], [ 126.928464334411515, 37.484088703025712 ], [ 126.928191259307312, 37.484058374219707 ], [ 126.928167595365181, 37.484055746703397 ], [ 126.928165856077854, 37.484055554408279 ], [ 126.928077385584388, 37.484045728621652 ], [ 126.928064547233404, 37.48404430271939 ], [ 126.928020005171206, 37.484039354960835 ], [ 126.927788640366771, 37.484013655517813 ], [ 126.927787254811761, 37.484013502787334 ], [ 126.927777424896647, 37.484012410504988 ], [ 126.927443714140708, 37.483975344277212 ], [ 126.927410745867661, 37.483971681828429 ], [ 126.927321085560294, 37.483961721716859 ], [ 126.927239331061784, 37.483945906789828 ], [ 126.927060913833301, 37.483911386828254 ], [ 126.92684621974378, 37.48386984931426 ], [ 126.926660730454316, 37.483833960432001 ], [ 126.926241341264145, 37.483787693077211 ], [ 126.92618076372321, 37.483781010056525 ], [ 126.926155934826198, 37.483801464747103 ], [ 126.925873369647618, 37.484034238455706 ], [ 126.925862149731884, 37.484043481432586 ], [ 126.925847905441969, 37.484055214582753 ], [ 126.92587941879431, 37.484083008744655 ], [ 126.925732269443316, 37.484197051693627 ], [ 126.925703595441718, 37.48417409535876 ], [ 126.925692680538234, 37.484183087421783 ], [ 126.925474691622895, 37.484362661364877 ], [ 126.925269882984281, 37.484531377269391 ], [ 126.925265145449643, 37.484535279633569 ], [ 126.925171473713988, 37.484612442486359 ], [ 126.92516989263811, 37.484613744465676 ], [ 126.92515539427545, 37.484625689014592 ], [ 126.925009734489791, 37.484770454740996 ], [ 126.924913215036895, 37.484866379694353 ], [ 126.924890132024814, 37.484889321343047 ], [ 126.924888662842392, 37.484890780699288 ], [ 126.924724692360542, 37.485053744562691 ], [ 126.924622118701151, 37.485155686996031 ], [ 126.92452870534585, 37.485248524281729 ], [ 126.924522404538379, 37.485254785062999 ], [ 126.924503182928063, 37.485273889437053 ], [ 126.924311221699568, 37.485464666539308 ], [ 126.924309806076835, 37.485466071166378 ], [ 126.924264869147279, 37.485510732557444 ], [ 126.92412760973852, 37.485647147367004 ], [ 126.924126189529247, 37.485648559180291 ], [ 126.924083729207837, 37.485690757445951 ], [ 126.923959840388264, 37.485813877318776 ], [ 126.923890741187151, 37.485882546470883 ], [ 126.92374945454695, 37.486022963044043 ], [ 126.923571621078921, 37.48619969527109 ], [ 126.923542922462687, 37.486228213886434 ], [ 126.923469919705042, 37.486300762106595 ], [ 126.923290294218006, 37.486479275247021 ], [ 126.923252518628544, 37.486532880208941 ], [ 126.9232419744407, 37.486547859759831 ], [ 126.923235147087539, 37.486557550266362 ], [ 126.923234585569659, 37.4865583479299 ], [ 126.922941106073651, 37.486974749551067 ], [ 126.922925184612865, 37.486997339101052 ], [ 126.922923813412183, 37.486999284741948 ], [ 126.922689445663607, 37.487331838183785 ], [ 126.922688328357111, 37.487333420914382 ], [ 126.922635302705686, 37.487408663024965 ], [ 126.922629282631732, 37.487417203703266 ], [ 126.922625306213718, 37.487422846592381 ], [ 126.922537462461761, 37.487547487696972 ], [ 126.92235099294858, 37.487812065280984 ], [ 126.922340671546479, 37.487826710531643 ], [ 126.922339523324325, 37.487828339978115 ], [ 126.922332494482234, 37.487838312470338 ], [ 126.922332114769276, 37.487838854131702 ], [ 126.922326122070885, 37.48784735616924 ], [ 126.922153509863335, 37.488092268683623 ], [ 126.922074906345728, 37.488161668117741 ], [ 126.921990009077021, 37.48823662691894 ], [ 126.921988292626892, 37.488238158037994 ], [ 126.921973564445139, 37.488251144831352 ], [ 126.92197185154744, 37.488252655236323 ], [ 126.921821868948243, 37.488385072403005 ], [ 126.921653837470259, 37.488533423531216 ], [ 126.92153103393882, 37.488620141198084 ], [ 126.921524996845079, 37.488624405699596 ], [ 126.921520014095194, 37.488627923632173 ], [ 126.921332501390978, 37.488760330352726 ], [ 126.921310954120457, 37.488775544262452 ], [ 126.92116318925197, 37.488879884272137 ], [ 126.920953788976334, 37.489027738747239 ], [ 126.920921233599856, 37.48904991118183 ], [ 126.920840639334799, 37.489104806209227 ], [ 126.920748579062391, 37.48916751019749 ], [ 126.920613525130065, 37.489259498351068 ], [ 126.92042672507705, 37.489368652113214 ], [ 126.920421511717592, 37.489371698359399 ], [ 126.92035406523442, 37.489411111859098 ], [ 126.920227882101472, 37.489504574442023 ], [ 126.920074395780091, 37.489572827136143 ], [ 126.920010153724007, 37.489601393022177 ], [ 126.919848441073214, 37.489673303298375 ], [ 126.919792020695695, 37.489698391284101 ], [ 126.919680905151594, 37.489747800482235 ], [ 126.9194688689808, 37.489842084362529 ], [ 126.919189686039331, 37.489966225080956 ], [ 126.918880960208455, 37.490103502201059 ], [ 126.918788287733321, 37.490100463029691 ], [ 126.918539809400627, 37.490092310702927 ], [ 126.918155406579345, 37.490000789079787 ], [ 126.918056704298252, 37.489977289501851 ], [ 126.91786802476129, 37.489924018191338 ], [ 126.91785833479851, 37.489921282600079 ], [ 126.917856349482136, 37.49025638616483 ], [ 126.917990329940466, 37.490286358387856 ], [ 126.918304161522087, 37.49034242347107 ], [ 126.91835200914052, 37.490347593076891 ], [ 126.918702129203183, 37.490390888684146 ], [ 126.919127241861418, 37.49044221894021 ], [ 126.919488668812519, 37.490498556352613 ], [ 126.919698420031963, 37.490530543012007 ], [ 126.920276197658339, 37.490617276071802 ], [ 126.920515130420597, 37.490632782570231 ], [ 126.920608314578843, 37.490601159449263 ], [ 126.920864281413898, 37.490633148954309 ], [ 126.920999408661274, 37.490629692094728 ], [ 126.921014973313206, 37.490636505111411 ] ] ] } },
{ "type": "Feature", "properties": { "ADM_NM": "난향동", "dong_group": "신림동", "safety_score": 59.6, "cctv": 68.0, "light": 253.0, "bell": 56.0, "police": 1.0 }, "geometry": { "type": "Polygon", "coordinates": [ [ [ 126.91671311948781, 37.466642513777721 ], [ 126.916734293392352, 37.466639281461532 ], [ 126.916758772325849, 37.466643813540919 ], [ 126.916867589579667, 37.466668020293206 ], [ 126.916905855371169, 37.466675787755356 ], [ 126.917202316610016, 37.466741007056186 ], [ 126.917349086624924, 37.466771692034413 ], [ 126.91742018123513, 37.466787536938021 ], [ 126.917433824575966, 37.466787411310996 ], [ 126.917502968783566, 37.466758771667678 ], [ 126.917534157672321, 37.466746459607521 ], [ 126.917685869122238, 37.466684479921511 ], [ 126.917819776835486, 37.466631793674786 ], [ 126.917859061046954, 37.466617026448993 ], [ 126.917888152255756, 37.466602802091806 ], [ 126.917978078003884, 37.466547679842314 ], [ 126.918019445592478, 37.466522057835959 ], [ 126.918211754403544, 37.466401223934099 ], [ 126.918334611276293, 37.466324832815168 ], [ 126.918511205929704, 37.466214701326464 ], [ 126.918541227440556, 37.466195377886145 ], [ 126.918548944478744, 37.466188915253348 ], [ 126.91878394499922, 37.466184304473721 ], [ 126.918872319437412, 37.466182770554241 ], [ 126.918916802104476, 37.466180649377655 ], [ 126.919027220199681, 37.466177148810544 ], [ 126.919181114660375, 37.466173553582152 ], [ 126.91956821178654, 37.466162387729796 ], [ 126.919590186838377, 37.466152618569858 ], [ 126.919710452966399, 37.466095163472261 ], [ 126.919610274763727, 37.466067488267718 ], [ 126.919539503194926, 37.466045868551831 ], [ 126.919541155386952, 37.466012659759386 ], [ 126.919550929423366, 37.465851872745588 ], [ 126.919728271182393, 37.465947267535064 ], [ 126.919762759159852, 37.46591592715442 ], [ 126.919833607440651, 37.465959513250468 ], [ 126.919859169644212, 37.465993609197888 ], [ 126.919859337533637, 37.465993833559367 ], [ 126.919878463878646, 37.466019344001303 ], [ 126.919914041358638, 37.466004177516602 ], [ 126.919921831978087, 37.46600368756431 ], [ 126.919909463769955, 37.465975349390135 ], [ 126.91993642547753, 37.465965455019422 ], [ 126.919957142768155, 37.465957905073573 ], [ 126.919988485742962, 37.465946484562501 ], [ 126.920053436321894, 37.465922813661201 ], [ 126.920055013730433, 37.465922239124538 ], [ 126.919953665362897, 37.465696809147062 ], [ 126.919881540547252, 37.465587808779752 ], [ 126.919859060130079, 37.465553834325917 ], [ 126.919857259403756, 37.46555418783182 ], [ 126.919852869708365, 37.465555049612973 ], [ 126.919841501054378, 37.465528052152521 ], [ 126.919840626026343, 37.46552597472887 ], [ 126.919830664310382, 37.465502317403455 ], [ 126.919828277941832, 37.465496655963612 ], [ 126.91982476664117, 37.465491989509928 ], [ 126.91987170130642, 37.465475126553407 ], [ 126.919940872939804, 37.465450271315561 ], [ 126.919956868577628, 37.465444525247072 ], [ 126.919958227905369, 37.465443928008504 ], [ 126.919964797245086, 37.465440942502418 ], [ 126.920174705229115, 37.465347995095406 ], [ 126.920194866262506, 37.465343188820427 ], [ 126.920215315694961, 37.465323294291686 ], [ 126.920228575668446, 37.465310396894871 ], [ 126.92042693040132, 37.465122700888493 ], [ 126.920462279250174, 37.465137523159676 ], [ 126.920462856351278, 37.465137765751734 ], [ 126.92047012540479, 37.465140813746579 ], [ 126.920568313724971, 37.465144150762249 ], [ 126.920624263066415, 37.465148794889544 ], [ 126.92083157516636, 37.4651658121061 ], [ 126.920980671177929, 37.465176949874234 ], [ 126.921136183346007, 37.465095554629599 ], [ 126.921221821169866, 37.465050731251516 ], [ 126.921527231078869, 37.464892749126449 ], [ 126.921576384956182, 37.464866760167531 ], [ 126.921597562620903, 37.464851205403782 ], [ 126.921687083881636, 37.46477897050579 ], [ 126.921781945602689, 37.464701908748289 ], [ 126.921901866495745, 37.464603591052658 ], [ 126.921951352122846, 37.464563699178363 ], [ 126.92196144269748, 37.464555562386806 ], [ 126.922217715888536, 37.464522189068852 ], [ 126.922433485164802, 37.464494205663016 ], [ 126.922550178396037, 37.464478704715297 ], [ 126.922667747543656, 37.464475315000286 ], [ 126.922815367021741, 37.464470682054298 ], [ 126.922925431849762, 37.464467186924665 ], [ 126.922927979905324, 37.464462431173224 ], [ 126.922923294506049, 37.464392908019789 ], [ 126.922908679957743, 37.464121785038287 ], [ 126.922904602518372, 37.464065559911695 ], [ 126.922908655830184, 37.464057984845994 ], [ 126.922908652019217, 37.464018169946286 ], [ 126.922910010536896, 37.463995015229948 ], [ 126.922908320399429, 37.463936557374126 ], [ 126.922907446339025, 37.463884324691165 ], [ 126.922907730717412, 37.463873513363176 ], [ 126.922909184743503, 37.46384381704042 ], [ 126.922908603813951, 37.463805380204676 ], [ 126.922907432825824, 37.463789277995552 ], [ 126.922906273023713, 37.463743326396475 ], [ 126.922908014414745, 37.463731559531055 ], [ 126.922905400419495, 37.463669425019326 ], [ 126.92290597145761, 37.463597778683919 ], [ 126.922905394029129, 37.463534905987643 ], [ 126.922905744700216, 37.463503111316349 ], [ 126.922906336725006, 37.463449330942986 ], [ 126.922906542261458, 37.463430534078682 ], [ 126.922905090597183, 37.463371651939909 ], [ 126.922906825264079, 37.463354579634377 ], [ 126.922908565718586, 37.463333811779933 ], [ 126.922914065862457, 37.463272899474994 ], [ 126.922913488285246, 37.463242706493141 ], [ 126.922911781981284, 37.463225487586996 ], [ 126.922911749069044, 37.463225208905939 ], [ 126.922914642654931, 37.463209035507582 ], [ 126.922919296589811, 37.4631976055514 ], [ 126.922922177949815, 37.463190525917064 ], [ 126.922918698446992, 37.463135219484357 ], [ 126.922917825918702, 37.463114712881953 ], [ 126.922919858073712, 37.463096008763394 ], [ 126.922921594645175, 37.463078981534125 ], [ 126.922918113744274, 37.463055489507219 ], [ 126.92291868745211, 37.462993202902915 ], [ 126.922923033816772, 37.462903205272418 ], [ 126.922923946590217, 37.462872424668959 ], [ 126.922923960091907, 37.462871992081929 ], [ 126.92292622027378, 37.462795663306338 ], [ 126.922924458601614, 37.462771083620069 ], [ 126.922927938730851, 37.462753037353558 ], [ 126.92294187888254, 37.462728025977739 ], [ 126.922966531371571, 37.462695733442047 ], [ 126.923026826812318, 37.4626251881404 ], [ 126.923086489722905, 37.462554095297001 ], [ 126.923120308553635, 37.462513796527176 ], [ 126.923137367024893, 37.462492200281289 ], [ 126.923137552002899, 37.462491966830591 ], [ 126.923193434277508, 37.46242120340024 ], [ 126.923194359901032, 37.462400804723892 ], [ 126.923198028204979, 37.46234176549423 ], [ 126.923201786554003, 37.462326792412426 ], [ 126.923209120559875, 37.462208607577153 ], [ 126.923213731581399, 37.462134300294757 ], [ 126.923216943219003, 37.462120427808621 ], [ 126.923215769695716, 37.462100086487212 ], [ 126.923221447094036, 37.462007956399113 ], [ 126.923221493615657, 37.462007199483359 ], [ 126.923222930044375, 37.461983893706858 ], [ 126.923233651753677, 37.461944904509643 ], [ 126.923286143598133, 37.461768275911332 ], [ 126.923297990233877, 37.461728417876962 ], [ 126.923464847758993, 37.46135822664904 ], [ 126.923467623536695, 37.461352069476931 ], [ 126.923480992995721, 37.461322390704723 ], [ 126.923507714360568, 37.461263106079791 ], [ 126.923545053704956, 37.461150758767126 ], [ 126.923568177409749, 37.461121606188392 ], [ 126.92357813615682, 37.461109052843049 ], [ 126.92365895472868, 37.46100716874237 ], [ 126.923716721188256, 37.460935116271457 ], [ 126.923807716464992, 37.460873115525281 ], [ 126.923847719248158, 37.46084844563206 ], [ 126.923855222478551, 37.460839358641358 ], [ 126.923859659916857, 37.460834000955387 ], [ 126.923900876445472, 37.460742648888861 ], [ 126.923990266790398, 37.46055933504821 ], [ 126.92418690448838, 37.460130836416113 ], [ 126.924206955053279, 37.460087133386558 ], [ 126.924321625762886, 37.45984202796803 ], [ 126.924337852075013, 37.459812628907812 ], [ 126.924452277118561, 37.459596661346737 ], [ 126.9242791987228, 37.459323156586215 ], [ 126.924215365103976, 37.459207676892284 ], [ 126.924212088197777, 37.459197069934795 ], [ 126.924188934648981, 37.459180530717333 ], [ 126.924154415971927, 37.459114779493859 ], [ 126.924072161012106, 37.458954933299566 ], [ 126.92402194401518, 37.458856708811055 ], [ 126.924018837563025, 37.458844227847649 ], [ 126.92398919458941, 37.45878587707584 ], [ 126.923962743049486, 37.458733059984901 ], [ 126.92395198885086, 37.458715961023799 ], [ 126.923928573285195, 37.458702061465232 ], [ 126.923889302035604, 37.458663365680501 ], [ 126.923844510988019, 37.458619916233879 ], [ 126.923838693203876, 37.458615236846384 ], [ 126.923831152953639, 37.458606040452715 ], [ 126.923730166421649, 37.458507097783631 ], [ 126.923707747210884, 37.45847963034538 ], [ 126.923671370064355, 37.458439115232636 ], [ 126.923618302422298, 37.458376819337929 ], [ 126.923533264263781, 37.458276508500845 ], [ 126.923429031369722, 37.458155597988139 ], [ 126.923385362869581, 37.458098705535306 ], [ 126.923359509588281, 37.458070108994299 ], [ 126.92323539822867, 37.457904909376779 ], [ 126.923109548065952, 37.457750203797787 ], [ 126.923093965294413, 37.45773659829652 ], [ 126.92286588014538, 37.457444970509698 ], [ 126.922497607655444, 37.457010667661606 ], [ 126.92231195972316, 37.45679173363088 ], [ 126.92218690511163, 37.45662361147599 ], [ 126.921643290386584, 37.456704760833119 ], [ 126.921051036713195, 37.456800476971665 ], [ 126.920874472538785, 37.45682997329488 ], [ 126.920564465796943, 37.456810562572294 ], [ 126.920564083807577, 37.456810539066687 ], [ 126.920548434812659, 37.456809558270891 ], [ 126.920432095927453, 37.456803201031541 ], [ 126.920219688474418, 37.456791591577876 ], [ 126.919988226766549, 37.456778673190435 ], [ 126.919634750506532, 37.456758941213167 ], [ 126.919496253104356, 37.456797875789505 ], [ 126.919140966492279, 37.456897749467942 ], [ 126.918457012304444, 37.456907550091003 ], [ 126.918446519524167, 37.45690770036046 ], [ 126.918373373115088, 37.45690874830423 ], [ 126.918334009627742, 37.456909313508291 ], [ 126.918300428706374, 37.456918605297147 ], [ 126.918180461545859, 37.456954127749505 ], [ 126.918100446116185, 37.456970360285091 ], [ 126.918044638105755, 37.456987388900075 ], [ 126.917919713352902, 37.45702471823838 ], [ 126.917821596578776, 37.457056273795935 ], [ 126.917787614792871, 37.457061834533071 ], [ 126.917704507435744, 37.457074039608798 ], [ 126.917664480922198, 37.457080774743972 ], [ 126.917580895534044, 37.457094837786094 ], [ 126.917481198550377, 37.457111722832757 ], [ 126.917472846301635, 37.45712176338462 ], [ 126.917429315402643, 37.457175622344607 ], [ 126.917383490638088, 37.45722098096136 ], [ 126.917289574018653, 37.457337622720935 ], [ 126.917277643777467, 37.457342910766677 ], [ 126.917142635735544, 37.457405145536718 ], [ 126.917085519802569, 37.457427894491971 ], [ 126.917046765186214, 37.457445685473928 ], [ 126.916957043738961, 37.457486889327519 ], [ 126.916916411134821, 37.457509466240822 ], [ 126.916827254077248, 37.457481174249217 ], [ 126.916671039645479, 37.457435056691608 ], [ 126.916629600130207, 37.457428026127275 ], [ 126.916465991348161, 37.457384073821387 ], [ 126.915851879305251, 37.45740614632863 ], [ 126.915577176702541, 37.457403677660281 ], [ 126.915028468705827, 37.457319836731024 ], [ 126.914981405482251, 37.457312645251648 ], [ 126.914752416566444, 37.457395262280222 ], [ 126.91466012557575, 37.457428558443887 ], [ 126.914609823128217, 37.457443819894479 ], [ 126.914576907872615, 37.457456688716256 ], [ 126.914448979076056, 37.457560814663367 ], [ 126.914392287117479, 37.457606939402837 ], [ 126.914313737837162, 37.457672899297982 ], [ 126.914288989847805, 37.457688180897499 ], [ 126.914167664954192, 37.457789804637564 ], [ 126.914114951604944, 37.457833751446778 ], [ 126.914029966232846, 37.457905320856874 ], [ 126.914027720457938, 37.457990699226805 ], [ 126.914027244896843, 37.458087584130112 ], [ 126.914027099034499, 37.45811685599655 ], [ 126.91402568925345, 37.45812161179596 ], [ 126.914024104708588, 37.4581483301845 ], [ 126.914022635982334, 37.458173102208136 ], [ 126.914025296446042, 37.458236147552064 ], [ 126.91402347632183, 37.458380001095833 ], [ 126.914021797909868, 37.458415994920067 ], [ 126.914024629886853, 37.458431701651413 ], [ 126.914025084977425, 37.458457425135137 ], [ 126.914026775994813, 37.458460389983031 ], [ 126.914078122111661, 37.45855043992313 ], [ 126.914092495154875, 37.458577462769561 ], [ 126.914150447596015, 37.458686428034419 ], [ 126.914194305261375, 37.458762568857722 ], [ 126.914278403206126, 37.45891273956493 ], [ 126.9142766546952, 37.458920042735492 ], [ 126.914254302141899, 37.458973465550727 ], [ 126.914238176347141, 37.459000368749457 ], [ 126.914210206668301, 37.459066070889328 ], [ 126.914178206708272, 37.459141239862042 ], [ 126.914110173560161, 37.459300676846105 ], [ 126.914102836844265, 37.459319159824233 ], [ 126.914092954664696, 37.459344046065439 ], [ 126.914039560387891, 37.459470038491979 ], [ 126.914050894336313, 37.459491538056596 ], [ 126.914185846540789, 37.459765712340328 ], [ 126.91422802195396, 37.459850889050841 ], [ 126.914228916325712, 37.459858720898168 ], [ 126.914266334133259, 37.459931089114704 ], [ 126.914263519533861, 37.459968371655201 ], [ 126.914257169471895, 37.460074322136897 ], [ 126.914253094426684, 37.460142293355354 ], [ 126.914251879069624, 37.460162564334453 ], [ 126.914246663948433, 37.460241733810051 ], [ 126.914229973742138, 37.460495037896415 ], [ 126.914214301208588, 37.460714987669313 ], [ 126.914212042221465, 37.460721915142919 ], [ 126.914206523284435, 37.460784359264203 ], [ 126.914200120706766, 37.460884555183441 ], [ 126.91419242842268, 37.460997877526133 ], [ 126.914205876214041, 37.461029351186447 ], [ 126.914282631352805, 37.461205176012115 ], [ 126.914330240785105, 37.461313420172367 ], [ 126.91436314234663, 37.461388649411596 ], [ 126.914381262867821, 37.461430085506571 ], [ 126.914384733873121, 37.461448115489958 ], [ 126.914391655463589, 37.461483459675101 ], [ 126.914407353326581, 37.461573112839055 ], [ 126.914405775917714, 37.461578913387214 ], [ 126.914411738559821, 37.461613254111356 ], [ 126.914401381817953, 37.461624148906559 ], [ 126.914260433429831, 37.461741247304232 ], [ 126.914048203158359, 37.461917265539114 ], [ 126.913965317798471, 37.461986030302519 ], [ 126.913951728742376, 37.46199843593137 ], [ 126.913947559799411, 37.462014929975666 ], [ 126.913902782278015, 37.462190719184335 ], [ 126.913892569457971, 37.462230816009018 ], [ 126.913840067718581, 37.462442342756042 ], [ 126.913834425073077, 37.462449455340689 ], [ 126.913825258435523, 37.462490093656221 ], [ 126.913818928455129, 37.462511667856027 ], [ 126.913773164305752, 37.462693392968291 ], [ 126.913733971774633, 37.462850525506035 ], [ 126.913710793639154, 37.462865528120702 ], [ 126.913691767193555, 37.462876974733533 ], [ 126.913620748802657, 37.462919708254361 ], [ 126.913594989710887, 37.462935207307083 ], [ 126.913473121691595, 37.463009602841097 ], [ 126.913403093999378, 37.463051418154009 ], [ 126.913347259223926, 37.463084760797585 ], [ 126.913314095696066, 37.463105179606607 ], [ 126.913298180015133, 37.463116032280169 ], [ 126.913269427016587, 37.463160115644392 ], [ 126.913184668992642, 37.463290838130185 ], [ 126.91317399923885, 37.463307295353367 ], [ 126.913166837213438, 37.463315209780546 ], [ 126.913044368404286, 37.463503643729773 ], [ 126.91296866625855, 37.463621756841185 ], [ 126.912963888123699, 37.463648151960413 ], [ 126.912925640686694, 37.463867796389792 ], [ 126.912901971586521, 37.46400973309413 ], [ 126.912908580425267, 37.464050884157629 ], [ 126.912928320570899, 37.464145908029593 ], [ 126.912947976882577, 37.464240524065822 ], [ 126.912960322532058, 37.464256189737121 ], [ 126.91298307567115, 37.46428636311547 ], [ 126.912986492545116, 37.464290751683862 ], [ 126.913011926561168, 37.464323417113299 ], [ 126.913144270524, 37.464496562243646 ], [ 126.913214622991617, 37.464588599723726 ], [ 126.913236841923165, 37.464619871861032 ], [ 126.913301885699639, 37.46473373549096 ], [ 126.913337787547533, 37.464797985986912 ], [ 126.913421188620688, 37.464941148343101 ], [ 126.913440499349534, 37.46497429705709 ], [ 126.913623018777855, 37.465293896625774 ], [ 126.913634968568431, 37.465314824200519 ], [ 126.913656205350392, 37.465352015118022 ], [ 126.913723991655985, 37.465469330801234 ], [ 126.913977872281421, 37.465499224533481 ], [ 126.914039107184962, 37.465505278873614 ], [ 126.914088615553027, 37.465507857082819 ], [ 126.914318165559877, 37.46552068568483 ], [ 126.914645871465893, 37.465539163098967 ], [ 126.914662788283664, 37.465585306372496 ], [ 126.914728309029726, 37.465763988338168 ], [ 126.914759443858088, 37.465849281361471 ], [ 126.914765306260165, 37.465870865508201 ], [ 126.914811872646766, 37.465994129899947 ], [ 126.914863965735037, 37.46612665156011 ], [ 126.914886427380338, 37.466144193274282 ], [ 126.91497922732708, 37.466226027485519 ], [ 126.915122133477794, 37.46635093863965 ], [ 126.915135865098506, 37.466362986574509 ], [ 126.915240738157763, 37.466455001700503 ], [ 126.91525900073438, 37.466478413849252 ], [ 126.915337676662318, 37.466584887751935 ], [ 126.915415326310892, 37.46669030734153 ], [ 126.915458697247303, 37.466752301073896 ], [ 126.915484199291981, 37.466781701577027 ], [ 126.915538654489737, 37.466825719314436 ], [ 126.915620172631961, 37.466890686863046 ], [ 126.91565565730518, 37.466878017973897 ], [ 126.915746719554079, 37.466849882543031 ], [ 126.915755587770903, 37.466847093417876 ], [ 126.915896809115907, 37.466802687549155 ], [ 126.916117164811467, 37.466734435003588 ], [ 126.916246990602062, 37.46671413785289 ], [ 126.916432077857138, 37.466685393733599 ], [ 126.91671311948781, 37.466642513777721 ] ] ] } },
{ "type": "Feature", "properties": { "ADM_NM": "조원동", "dong_group": "신림동", "safety_score": 57.2, "cctv": 94.0, "light": 532.0, "bell": 55.0, "police": 0.0 }, "geometry": { "type": "Polygon", "coordinates": [ [ [ 126.913802317454511, 37.485321437548002 ], [ 126.913899031014111, 37.484842756202987 ], [ 126.913901786935384, 37.484829075563304 ], [ 126.913902777641724, 37.484824170788407 ], [ 126.913903075150401, 37.484822719277396 ], [ 126.913903222137762, 37.484822002526677 ], [ 126.913903368402416, 37.484821233493705 ], [ 126.913903558633137, 37.484820338488909 ], [ 126.913905502358546, 37.484810719839736 ], [ 126.914005428773962, 37.484316010150522 ], [ 126.914014103604998, 37.484269900107059 ], [ 126.914014711299004, 37.484266676264028 ], [ 126.914080906955846, 37.483914802116907 ], [ 126.91411743149159, 37.483720646213357 ], [ 126.914117514028973, 37.483720215774092 ], [ 126.914117801997008, 37.483718681290107 ], [ 126.91417820249373, 37.483397614634562 ], [ 126.914229756412382, 37.483136801240285 ], [ 126.914347695990969, 37.482540114353476 ], [ 126.914363351351597, 37.482480527529439 ], [ 126.914364561749721, 37.482475725690847 ], [ 126.914365159291322, 37.482473653728889 ], [ 126.914366062667384, 37.482470220431082 ], [ 126.914375465153469, 37.48243443809541 ], [ 126.914537115035856, 37.481819266233643 ], [ 126.914538435740269, 37.48181424050135 ], [ 126.914500970989195, 37.481807515500364 ], [ 126.914499484591758, 37.481807249444856 ], [ 126.914497273074275, 37.481806852704516 ], [ 126.913683539763568, 37.481660776065787 ], [ 126.913661507157471, 37.48165681973412 ], [ 126.913373575538387, 37.481605130788331 ], [ 126.91316619129573, 37.48156790060839 ], [ 126.912414758932613, 37.481432998640557 ], [ 126.912412974380345, 37.481432677895953 ], [ 126.912411183042053, 37.481432357117562 ], [ 126.912408970416138, 37.481431960332678 ], [ 126.912408223835527, 37.481431826824277 ], [ 126.911976694014328, 37.481354355294393 ], [ 126.91193161151206, 37.481346261163125 ], [ 126.911479598843783, 37.481265105677622 ], [ 126.911298569064115, 37.481232603121789 ], [ 126.911030006470085, 37.481184383266559 ], [ 126.911022536232679, 37.481183042665101 ], [ 126.91101563863684, 37.481181804067113 ], [ 126.911012433231008, 37.481181229246452 ], [ 126.910943775777142, 37.481168902517467 ], [ 126.910110271982973, 37.481019250530316 ], [ 126.909740585546913, 37.480952874247762 ], [ 126.909737602670532, 37.480952338361277 ], [ 126.909733563768569, 37.48095161151933 ], [ 126.909723640447126, 37.480949825929002 ], [ 126.9097245271753, 37.480947095641824 ], [ 126.909783460528033, 37.480765315030141 ], [ 126.909647854210604, 37.480741441106481 ], [ 126.909468309181577, 37.480707947169634 ], [ 126.90910635139808, 37.480640801721933 ], [ 126.908814589741922, 37.480587901748038 ], [ 126.908489833430025, 37.480528881508697 ], [ 126.90809068600376, 37.48045636305541 ], [ 126.908089535135318, 37.480456152681711 ], [ 126.90786765198466, 37.480415666897734 ], [ 126.90783302762587, 37.480409348814717 ], [ 126.907679439360891, 37.480380999208563 ], [ 126.907565646745425, 37.480360240984368 ], [ 126.907514984800699, 37.48035099951052 ], [ 126.907378024418321, 37.480326051692074 ], [ 126.907138316064646, 37.480281809311329 ], [ 126.907045663117046, 37.480264732344516 ], [ 126.906804551053696, 37.480220265917083 ], [ 126.906679840012757, 37.480196778597332 ], [ 126.906588345542474, 37.480179547549753 ], [ 126.906489485382522, 37.480161943224971 ], [ 126.906424536043048, 37.480150041716577 ], [ 126.906367589613495, 37.480139608132063 ], [ 126.906076476161246, 37.480086329697563 ], [ 126.905812376914767, 37.480037878871059 ], [ 126.905516016663555, 37.479983694748988 ], [ 126.905444593321889, 37.480023218599648 ], [ 126.905420509945884, 37.480036533933848 ], [ 126.905368634103695, 37.480065214534513 ], [ 126.905238508111594, 37.480112683009445 ], [ 126.90391050673135, 37.479868969642432 ], [ 126.903907652780674, 37.479868445977033 ], [ 126.903833976392107, 37.479854924345624 ], [ 126.903558633696576, 37.479804329619576 ], [ 126.902972343815406, 37.479696713736189 ], [ 126.902437818515224, 37.479598563224165 ], [ 126.902415327044409, 37.479594433022115 ], [ 126.901913016359089, 37.479502183812414 ], [ 126.901772160212047, 37.479476314735493 ], [ 126.901674782604843, 37.479458430867446 ], [ 126.901409585487386, 37.479409724890793 ], [ 126.901298013047381, 37.479389233279171 ], [ 126.90088422205659, 37.479313290299764 ], [ 126.900864820903678, 37.479309560352561 ], [ 126.900781253683874, 37.47929349351071 ], [ 126.900035988124756, 37.479150207540357 ], [ 126.898950815444877, 37.478941559633938 ], [ 126.898943420942857, 37.478940138434254 ], [ 126.898945964926909, 37.478952381887538 ], [ 126.898958020343031, 37.479010427503034 ], [ 126.898968809692875, 37.479058506682911 ], [ 126.898973756715435, 37.479080541180231 ], [ 126.898990388497097, 37.479149149636598 ], [ 126.898990458511506, 37.479149445637809 ], [ 126.898990730033958, 37.479150565602843 ], [ 126.899008948560422, 37.479220316935624 ], [ 126.899028187994816, 37.479289981519315 ], [ 126.899048666959615, 37.479359376588619 ], [ 126.899093136919433, 37.479497449069427 ], [ 126.899117125672973, 37.47956612466551 ], [ 126.899142245373781, 37.479634532896448 ], [ 126.899165000133152, 37.479693478369043 ], [ 126.899168496046286, 37.479702671057566 ], [ 126.899195873883897, 37.479770449894495 ], [ 126.899224384239105, 37.47983804880365 ], [ 126.899239912881441, 37.479873272564809 ], [ 126.899254028529143, 37.479905291125519 ], [ 126.899284915374437, 37.479972172003379 ], [ 126.899316818961395, 37.480038784029375 ], [ 126.899349855388948, 37.480105035854479 ], [ 126.899370075013607, 37.480144156575086 ], [ 126.899383910415509, 37.480170928699771 ], [ 126.899398047504519, 37.480197174161304 ], [ 126.899419205731419, 37.480236461888545 ], [ 126.899455524896439, 37.480301545986656 ], [ 126.899461977553614, 37.480312697920994 ], [ 126.899476700751464, 37.480337507786501 ], [ 126.899532226603782, 37.480431085822246 ], [ 126.899541873039425, 37.480446514696702 ], [ 126.899554149419828, 37.480466149145897 ], [ 126.899599804207384, 37.480539173822308 ], [ 126.89961947985465, 37.480569837008375 ], [ 126.899653396175609, 37.480621031545823 ], [ 126.899696159479163, 37.48068368580477 ], [ 126.899740054782953, 37.48074580498502 ], [ 126.899784855226173, 37.480807470857634 ], [ 126.899830789228645, 37.480868689990061 ], [ 126.899877738787168, 37.480929368040492 ], [ 126.899925596458203, 37.480989504462109 ], [ 126.899967918902462, 37.481045675627222 ], [ 126.900063535935644, 37.481172772949343 ], [ 126.900063961212595, 37.481173338456699 ], [ 126.900503657789187, 37.481710677784633 ], [ 126.900587130350331, 37.481812686888269 ], [ 126.90062812910368, 37.481862791277059 ], [ 126.900808254600463, 37.482082913025977 ], [ 126.90087557901407, 37.482165187749942 ], [ 126.900953491120362, 37.482260398305058 ], [ 126.901066183729029, 37.482398115531616 ], [ 126.901204615941026, 37.48256722304798 ], [ 126.901262138997737, 37.482637494984765 ], [ 126.901281439063936, 37.482661090251234 ], [ 126.901293631828267, 37.482675996477113 ], [ 126.90135011319947, 37.482745009304899 ], [ 126.90170317929838, 37.483176404046027 ], [ 126.901962114303686, 37.483492784125723 ], [ 126.902173078522125, 37.483750550872372 ], [ 126.902295820156056, 37.483900557272833 ], [ 126.902311921674467, 37.483920236018065 ], [ 126.902795469369693, 37.484511096524059 ], [ 126.902814703264028, 37.484534599263256 ], [ 126.902816456403372, 37.484536738930849 ], [ 126.902886611865824, 37.484622417702596 ], [ 126.902938439254811, 37.484685763747542 ], [ 126.902940829782054, 37.484688684504775 ], [ 126.903184877632484, 37.48498697122092 ], [ 126.903194520437935, 37.484998757391544 ], [ 126.903196779955778, 37.485001513434923 ], [ 126.903197849009217, 37.48500149359721 ], [ 126.903198907788294, 37.485002765350963 ], [ 126.903239202259954, 37.485001209441741 ], [ 126.903391371499268, 37.484995333167056 ], [ 126.903551864827435, 37.484989134572366 ], [ 126.90385649635742, 37.484977355459023 ], [ 126.904202671387608, 37.484963967934128 ], [ 126.90478576915956, 37.4849414166654 ], [ 126.905105467892724, 37.484929052247352 ], [ 126.905477258593166, 37.484914671382228 ], [ 126.905527453199596, 37.484912730056863 ], [ 126.905745662927785, 37.484916691434329 ], [ 126.905813267899447, 37.484925125638753 ], [ 126.906019171314981, 37.484950795076784 ], [ 126.906097695489564, 37.484960585573518 ], [ 126.906589600737462, 37.485102915353657 ], [ 126.906599187561724, 37.48510568920679 ], [ 126.906715783498257, 37.485139423950784 ], [ 126.907289149748877, 37.485305305792977 ], [ 126.907405403252639, 37.485338938990282 ], [ 126.907633635684405, 37.48540496858169 ], [ 126.907985230084293, 37.48550668592717 ], [ 126.908073828240646, 37.485532318255594 ], [ 126.908422402878998, 37.485633143054038 ], [ 126.908792679751812, 37.485734297161713 ], [ 126.908906444770977, 37.485765376409482 ], [ 126.909214727319281, 37.485849592594782 ], [ 126.909392869939111, 37.48589825785902 ], [ 126.909889230843277, 37.485902519226805 ], [ 126.910081501710451, 37.485946728311731 ], [ 126.910334598418785, 37.485999630510882 ], [ 126.910493715402893, 37.486032907647868 ], [ 126.910614368559479, 37.486058139174546 ], [ 126.911274431771076, 37.486267587513481 ], [ 126.911306400279969, 37.486279904306443 ], [ 126.911746386817185, 37.486449410146427 ], [ 126.911777918189671, 37.48646123610029 ], [ 126.911874343165621, 37.486497354876334 ], [ 126.911923260020359, 37.486515676880927 ], [ 126.912290782153036, 37.486759693834593 ], [ 126.91231303570521, 37.486774468699288 ], [ 126.912447860456481, 37.486926929488789 ], [ 126.912496409636887, 37.486967555290953 ], [ 126.912789211041684, 37.487177970594793 ], [ 126.912865119888892, 37.487232994388712 ], [ 126.912941759934711, 37.487288549060509 ], [ 126.912964579385772, 37.487305342046646 ], [ 126.912989117354414, 37.487323397353649 ], [ 126.912998598367238, 37.487329207732962 ], [ 126.913045070129925, 37.487363191709306 ], [ 126.91315968134964, 37.487363277937888 ], [ 126.913159765957303, 37.487291152734059 ], [ 126.91315989948599, 37.487177780809105 ], [ 126.913159909228412, 37.487171329850824 ], [ 126.913159907549542, 37.487170821477555 ], [ 126.913159925360844, 37.487155964510897 ], [ 126.913271847981861, 37.487095107393934 ], [ 126.913363236640421, 37.487045418769227 ], [ 126.913413449816744, 37.487018115432626 ], [ 126.913474523917756, 37.48698490802937 ], [ 126.913496580556952, 37.48686561305621 ], [ 126.913529577421329, 37.486687142457185 ], [ 126.91352990812679, 37.486685353103773 ], [ 126.913556285948232, 37.486542704688809 ], [ 126.913556758406855, 37.486540145379209 ], [ 126.913564117631907, 37.486500341056079 ], [ 126.913617921127354, 37.486234043675942 ], [ 126.913623636183985, 37.486205746014591 ], [ 126.913625674147397, 37.486195657332168 ], [ 126.913647988037411, 37.486085210403488 ], [ 126.913692184896618, 37.485866456912454 ], [ 126.91369292375461, 37.485862808282732 ], [ 126.913693370919859, 37.485860589559501 ], [ 126.913707177435455, 37.485792264948557 ], [ 126.913707844535224, 37.485788969294298 ], [ 126.913708085717474, 37.485787778897894 ], [ 126.913760788129849, 37.485526912034317 ], [ 126.913801765574362, 37.485324174933702 ], [ 126.913802317454511, 37.485321437548002 ] ] ] } },
{ "type": "Feature", "properties": { "ADM_NM": "대학동", "dong_group": "신림동", "safety_score": 63.7, "cctv": 135.0, "light": 666.0, "bell": 87.0, "police": 0.0 }, "geometry": { "type": "Polygon", "coordinates": [ [ [ 126.938952580442745, 37.470829610886838 ], [ 126.939129767029797, 37.470808386777094 ], [ 126.939320112216834, 37.470809470400354 ], [ 126.939560759676212, 37.470810846393796 ], [ 126.939794213879338, 37.470812175174757 ], [ 126.939796480098323, 37.470812187721684 ], [ 126.94024007272094, 37.470814715412907 ], [ 126.940483988841947, 37.470844721383145 ], [ 126.940491375862692, 37.470845629779646 ], [ 126.940500424893472, 37.470846744344605 ], [ 126.940794038149022, 37.470882860047631 ], [ 126.940869129796084, 37.470892097401183 ], [ 126.940871995122279, 37.470892449871016 ], [ 126.940894297443506, 37.470895192780731 ], [ 126.941051180879057, 37.470914492204074 ], [ 126.941381403338482, 37.470955111555142 ], [ 126.941383646137609, 37.470955384453951 ], [ 126.94146643455268, 37.470965569090019 ], [ 126.941806783322562, 37.47100743212485 ], [ 126.941858524306454, 37.471013798575051 ], [ 126.942036891490545, 37.471015810936834 ], [ 126.942041543619283, 37.471015862649288 ], [ 126.942425000036835, 37.471020187513489 ], [ 126.942797981889299, 37.471024392334925 ], [ 126.942800249166481, 37.471024415645594 ], [ 126.942925570436529, 37.471025828585347 ], [ 126.943653848877048, 37.470760415712157 ], [ 126.943783790036264, 37.470713061579566 ], [ 126.944418399073768, 37.470218265646302 ], [ 126.944466953364127, 37.47018040876393 ], [ 126.944660301043641, 37.470029656570063 ], [ 126.94494775659885, 37.469820765851935 ], [ 126.94496651805764, 37.46980713167266 ], [ 126.945182700121308, 37.469650032124484 ], [ 126.945446061329051, 37.469458649531084 ], [ 126.945446591168093, 37.469458263531394 ], [ 126.945516662632841, 37.469481657273711 ], [ 126.945552819498189, 37.469455555889851 ], [ 126.94559421593992, 37.469426050303888 ], [ 126.945756315137913, 37.469305545336901 ], [ 126.945851213536201, 37.469234599079442 ], [ 126.945865260747524, 37.46922424523072 ], [ 126.945890278302841, 37.469205802639834 ], [ 126.945931210149098, 37.469175621438829 ], [ 126.946074734769695, 37.469067851680542 ], [ 126.946088630753707, 37.469057447521031 ], [ 126.946095000419874, 37.469060429335023 ], [ 126.946102268265136, 37.469055098507035 ], [ 126.946119612209998, 37.469042402122476 ], [ 126.946155208648761, 37.469007594388366 ], [ 126.946291189722771, 37.468904120942184 ], [ 126.946387535426283, 37.468827390688638 ], [ 126.946617224504593, 37.468641277470127 ], [ 126.946651542735552, 37.468597866420772 ], [ 126.94669317697165, 37.468564359515682 ], [ 126.946752936340943, 37.468510019587647 ], [ 126.946797420109561, 37.468476991989974 ], [ 126.946856009124915, 37.468429220151243 ], [ 126.946954238916661, 37.468357690081653 ], [ 126.946968773177744, 37.46834503810674 ], [ 126.947006141494867, 37.468306317484355 ], [ 126.947029103513827, 37.468282526269597 ], [ 126.947093262047275, 37.46821090784097 ], [ 126.947115043371653, 37.468210459025826 ], [ 126.947150874167846, 37.468215115446874 ], [ 126.947176615748617, 37.468197314129078 ], [ 126.947246869613565, 37.468149161308361 ], [ 126.947309986411597, 37.468111628243349 ], [ 126.947374075686938, 37.468070868314655 ], [ 126.947476274833065, 37.468009800432064 ], [ 126.94759830708378, 37.467956055893183 ], [ 126.947817867288776, 37.467859398051154 ], [ 126.947818668320124, 37.467859037644672 ], [ 126.947882942895632, 37.467830225837339 ], [ 126.948003975178892, 37.467797204793726 ], [ 126.94815599373527, 37.467760801315684 ], [ 126.948374399508708, 37.467710885209186 ], [ 126.948440352698384, 37.467705517211222 ], [ 126.948620656245481, 37.467680576161541 ], [ 126.94883333694095, 37.467670887257235 ], [ 126.948866131244245, 37.467670000949639 ], [ 126.948966655414537, 37.467672964730383 ], [ 126.949037324707461, 37.467678770926909 ], [ 126.949099607552881, 37.46768089107735 ], [ 126.949156079892447, 37.467686122646334 ], [ 126.949280252428309, 37.467702954768313 ], [ 126.949400786741705, 37.467719062239212 ], [ 126.94947223993735, 37.467736105486679 ], [ 126.949481463082805, 37.467738272062697 ], [ 126.949519651632698, 37.467747245451427 ], [ 126.949531642868209, 37.467750060378194 ], [ 126.949582785802889, 37.467761896424115 ], [ 126.949851815796492, 37.467837680988893 ], [ 126.950080399525021, 37.467927465937471 ], [ 126.950117306332572, 37.46794687272763 ], [ 126.950201029996222, 37.467985795478825 ], [ 126.950284320378799, 37.468031547567584 ], [ 126.950389861877326, 37.468090537722738 ], [ 126.950512957868327, 37.468158479707142 ], [ 126.950513595350714, 37.46815883239951 ], [ 126.950548183054252, 37.468177922709451 ], [ 126.950624703043999, 37.468221563637229 ], [ 126.95080821113207, 37.46832751081773 ], [ 126.950982831522523, 37.46847036769811 ], [ 126.951054760389596, 37.468485760006004 ], [ 126.951173269636612, 37.468522932779912 ], [ 126.951264077447632, 37.468573562103927 ], [ 126.95131392709601, 37.468625373048965 ], [ 126.951408565956186, 37.4687266774188 ], [ 126.951522339151964, 37.468832646736971 ], [ 126.951534826368558, 37.468855836315115 ], [ 126.951606999316752, 37.468982313098991 ], [ 126.951682382933114, 37.469072112149711 ], [ 126.951738688487694, 37.46912357429931 ], [ 126.951794163365847, 37.46915252289083 ], [ 126.951941223463621, 37.469229266381717 ], [ 126.952010025219664, 37.469309574013586 ], [ 126.952093939855175, 37.469475753092432 ], [ 126.952124914986015, 37.469524962276374 ], [ 126.95212594113022, 37.469527845979691 ], [ 126.952132613421043, 37.469561762663496 ], [ 126.952120813545307, 37.469643306315824 ], [ 126.952107655076105, 37.469747213630725 ], [ 126.952104271292825, 37.469933631734484 ], [ 126.952103806993193, 37.469959129068805 ], [ 126.952128863370078, 37.470087658464628 ], [ 126.952155693625258, 37.470234704611741 ], [ 126.952170260622438, 37.470345181587547 ], [ 126.952193313570064, 37.470527445285811 ], [ 126.952194059944588, 37.470529771551739 ], [ 126.95219770377652, 37.470541224905091 ], [ 126.952235476452358, 37.470618896274836 ], [ 126.952213104756723, 37.47067039814759 ], [ 126.952214453160337, 37.470719315816332 ], [ 126.952237125209621, 37.470760553597479 ], [ 126.952304353219489, 37.471002842617196 ], [ 126.952321292003191, 37.471063884633672 ], [ 126.952477332609831, 37.471003222442555 ], [ 126.952499954330193, 37.471004567534543 ], [ 126.952504494035651, 37.471004839147412 ], [ 126.952706443592376, 37.471016859632073 ], [ 126.95271663986253, 37.471017467504481 ], [ 126.952718832811044, 37.471017603851948 ], [ 126.952727039529975, 37.471018097950719 ], [ 126.952734375920457, 37.471018528528191 ], [ 126.952765928674111, 37.471017502893083 ], [ 126.953049931994286, 37.471034460052749 ], [ 126.953254663887265, 37.470828783309891 ], [ 126.953264681264429, 37.470774764263503 ], [ 126.953290047570306, 37.47065236332017 ], [ 126.953310986195433, 37.47054100878654 ], [ 126.953313594699409, 37.470529115686801 ], [ 126.953378560006797, 37.470232475661291 ], [ 126.953449665489941, 37.469965033813281 ], [ 126.953480836492972, 37.469851420883764 ], [ 126.953489309530838, 37.46982339531138 ], [ 126.953521304193515, 37.469695422095946 ], [ 126.953563284584206, 37.469522679400143 ], [ 126.953567250155587, 37.469510462670229 ], [ 126.953609579018263, 37.469360041054571 ], [ 126.953709710261322, 37.46900677946649 ], [ 126.953727508693234, 37.468943571810371 ], [ 126.953756032882694, 37.468920681120998 ], [ 126.953960909008615, 37.468780548870654 ], [ 126.953967757497821, 37.468748214457534 ], [ 126.954198335855708, 37.467947232690435 ], [ 126.954681653388576, 37.467596900445585 ], [ 126.95491726767888, 37.467383514121387 ], [ 126.954971481713159, 37.46733441287769 ], [ 126.955125554054405, 37.467194875263807 ], [ 126.955160001961403, 37.467163679359054 ], [ 126.955108002577433, 37.466976865069746 ], [ 126.955100550120932, 37.466950099941783 ], [ 126.955132393438404, 37.466905683488271 ], [ 126.955168011231933, 37.466855998847841 ], [ 126.955279329981479, 37.466688711078866 ], [ 126.955372554483105, 37.46654860958219 ], [ 126.955374468634034, 37.466543824966209 ], [ 126.955445405385703, 37.46636644674598 ], [ 126.955663979020144, 37.466097202305917 ], [ 126.955688348802852, 37.466067183861917 ], [ 126.9561566405565, 37.465804990618665 ], [ 126.956086550028019, 37.465597399997478 ], [ 126.955984691800523, 37.465295723206637 ], [ 126.955929447471988, 37.465132136782017 ], [ 126.955725877225717, 37.464529345913029 ], [ 126.955675578010613, 37.464376344282392 ], [ 126.955699743964161, 37.464342542773991 ], [ 126.95605384345464, 37.463847241869843 ], [ 126.956044968848701, 37.463826037049763 ], [ 126.955596218220407, 37.462753834358651 ], [ 126.955567850069826, 37.462686054667437 ], [ 126.955951671662774, 37.462150926261209 ], [ 126.956519406934376, 37.461360926148508 ], [ 126.956878708166116, 37.460864734205181 ], [ 126.956946222248135, 37.460768173302391 ], [ 126.956900517093104, 37.460629409490444 ], [ 126.956913370462019, 37.460550424517244 ], [ 126.956927430964598, 37.460470253488339 ], [ 126.956950704616645, 37.460337557357612 ], [ 126.957014722553794, 37.460074208515451 ], [ 126.957100924245779, 37.459758718589434 ], [ 126.95728901328205, 37.459642756982433 ], [ 126.957316826675722, 37.459642789167667 ], [ 126.957526260378103, 37.459643044088232 ], [ 126.959596675758434, 37.458012122654814 ], [ 126.960350917597708, 37.457352849653461 ], [ 126.961646582993751, 37.456122540072933 ], [ 126.964193494733351, 37.455366272647474 ], [ 126.965460688455181, 37.45498997377603 ], [ 126.965598677518827, 37.455118495875084 ], [ 126.965963681631777, 37.455458450903741 ], [ 126.966222873077228, 37.455701517113233 ], [ 126.966612594520228, 37.456066987582503 ], [ 126.966643698887864, 37.456059729577717 ], [ 126.967635487990492, 37.455828354455114 ], [ 126.968391813515908, 37.454051734131276 ], [ 126.96850467009692, 37.453680369795585 ], [ 126.968580866003435, 37.45342564999234 ], [ 126.9686677947291, 37.453149634090934 ], [ 126.96875204795306, 37.452868792801752 ], [ 126.968766861630044, 37.452826558393291 ], [ 126.96889758889418, 37.45267179230914 ], [ 126.969101279233826, 37.452433822682011 ], [ 126.969133493407028, 37.452400467305246 ], [ 126.969287657310048, 37.452219071597163 ], [ 126.969583083707036, 37.451872455214769 ], [ 126.969823077971967, 37.451593802823865 ], [ 126.970053479202292, 37.451333949023301 ], [ 126.970309415544492, 37.451034830415551 ], [ 126.970338576618815, 37.450859638593755 ], [ 126.970485878108988, 37.44999343334856 ], [ 126.970523036150695, 37.449774919855578 ], [ 126.970569392867787, 37.449452700522563 ], [ 126.970311982455357, 37.449349296361632 ], [ 126.970147078421704, 37.449291244823733 ], [ 126.97005138226838, 37.449257432827508 ], [ 126.969845284434172, 37.449184747276824 ], [ 126.969831339635775, 37.449179829974355 ], [ 126.969593571307954, 37.449095976421674 ], [ 126.968661721942667, 37.448754464107047 ], [ 126.967662981536989, 37.448380543791771 ], [ 126.966223295623564, 37.447477142347225 ], [ 126.965780678428217, 37.44719939168305 ], [ 126.965343432147506, 37.446923884617725 ], [ 126.965202564094582, 37.446833181135524 ], [ 126.964940066695632, 37.446669792510519 ], [ 126.964620036700254, 37.446470066486036 ], [ 126.964365145550502, 37.446311463932581 ], [ 126.964289767625729, 37.44626723575513 ], [ 126.964121736603644, 37.445770782992504 ], [ 126.963941900136334, 37.445245888834165 ], [ 126.963933619464854, 37.445214629807083 ], [ 126.964071270763142, 37.444959727993577 ], [ 126.964140217463353, 37.44483205673594 ], [ 126.964372273989781, 37.444398799533424 ], [ 126.964419279192427, 37.444312650982141 ], [ 126.964316221357677, 37.443830858705162 ], [ 126.96430300567539, 37.44377032443294 ], [ 126.964320821697058, 37.443462293414498 ], [ 126.96433431360812, 37.443306315670362 ], [ 126.964356029980323, 37.442968723104435 ], [ 126.964381649498762, 37.442577073509305 ], [ 126.964610187560467, 37.442087789774021 ], [ 126.964634041948912, 37.442039645947091 ], [ 126.964153830521553, 37.441613211637474 ], [ 126.963822025475906, 37.441318584718005 ], [ 126.963784267155134, 37.441286757476213 ], [ 126.963799661058005, 37.440871452952592 ], [ 126.963802799897735, 37.440800693789988 ], [ 126.963803332131349, 37.440786939566877 ], [ 126.963736045733043, 37.440746881383077 ], [ 126.963660909055136, 37.440702150013742 ], [ 126.963113961492297, 37.440376525547471 ], [ 126.962983530765911, 37.440299608995048 ], [ 126.962942787672276, 37.440280457342176 ], [ 126.962466782806942, 37.440280581163094 ], [ 126.962362255222558, 37.440280203988983 ], [ 126.961949282577109, 37.440278716854877 ], [ 126.961762484618788, 37.440279219307946 ], [ 126.961499614047924, 37.440299114800609 ], [ 126.960903689583915, 37.440343125017229 ], [ 126.960275641830904, 37.440385417167356 ], [ 126.960055891497547, 37.440400531707795 ], [ 126.960000499618715, 37.440355758418107 ], [ 126.959756600929055, 37.440155766630269 ], [ 126.959571479919006, 37.440005340573116 ], [ 126.959542534386117, 37.439978578284702 ], [ 126.959496843933138, 37.439910148619042 ], [ 126.959252691542844, 37.439543459727176 ], [ 126.959169431889308, 37.439406873465579 ], [ 126.958998862112907, 37.439126941810059 ], [ 126.95897734640036, 37.439089478126334 ], [ 126.95896605637536, 37.43906976947099 ], [ 126.958549038181772, 37.439028243954731 ], [ 126.958432528326256, 37.439016642305454 ], [ 126.958139634097904, 37.438988089500967 ], [ 126.95774064111859, 37.438947686648099 ], [ 126.957566920046418, 37.438930448620319 ], [ 126.957040649937056, 37.438853098151469 ], [ 126.956705034182434, 37.43880341583337 ], [ 126.956478179353923, 37.438769820958825 ], [ 126.956368198278255, 37.438754011782784 ], [ 126.956063119674212, 37.438737847453524 ], [ 126.955619971853267, 37.438714304296539 ], [ 126.955260338789685, 37.438696422803403 ], [ 126.955174742246086, 37.438692456167317 ], [ 126.955108718267851, 37.438692147305211 ], [ 126.955071038362263, 37.438702889126851 ], [ 126.954995564658148, 37.438724485780796 ], [ 126.954630536028802, 37.438856950458266 ], [ 126.954381027633048, 37.438910353168211 ], [ 126.953903904697768, 37.439009553290333 ], [ 126.953610270221418, 37.439044348214509 ], [ 126.953447293163137, 37.439067086080755 ], [ 126.953166893935105, 37.439095408908862 ], [ 126.952651836692155, 37.439159113870318 ], [ 126.952411046630701, 37.439190240391504 ], [ 126.952086544195197, 37.438981217070072 ], [ 126.952072243023395, 37.438976139184064 ], [ 126.951871055746707, 37.438836397928888 ], [ 126.95146726450163, 37.438576620670503 ], [ 126.95115824868725, 37.438444155615045 ], [ 126.9511386445743, 37.438443306534325 ], [ 126.951135118873054, 37.438443300978612 ], [ 126.95106765042344, 37.438536473649584 ], [ 126.950925041153738, 37.438733770869561 ], [ 126.950032433887543, 37.438621622976633 ], [ 126.949842800642813, 37.43837967396437 ], [ 126.949577681306593, 37.438294241324868 ], [ 126.949513067211996, 37.438280985990531 ], [ 126.949310391626213, 37.438261182617701 ], [ 126.94928410826472, 37.438250273521653 ], [ 126.949277136153881, 37.438256104416432 ], [ 126.949189332265362, 37.438328704947281 ], [ 126.949176618190251, 37.438332923576411 ], [ 126.949161422147526, 37.43834418111534 ], [ 126.949053670029841, 37.438425223602259 ], [ 126.948945204054326, 37.43850739117002 ], [ 126.948765907242333, 37.438645843062794 ], [ 126.948623580591473, 37.438671115084531 ], [ 126.948363085506855, 37.438712663070753 ], [ 126.948304289352521, 37.438690958693513 ], [ 126.948289166252934, 37.438690404971986 ], [ 126.948155395592124, 37.438630374223166 ], [ 126.948112664449383, 37.438611200974911 ], [ 126.948034305499462, 37.438575963061687 ], [ 126.947947198758854, 37.438535288667936 ], [ 126.947854452634459, 37.438491981118531 ], [ 126.947599205005034, 37.438411899203217 ], [ 126.947165685384775, 37.438272603439685 ], [ 126.947027653649187, 37.438234536680632 ], [ 126.946789351914759, 37.438167129775117 ], [ 126.946590371377212, 37.437929674694878 ], [ 126.946380202361112, 37.437769089367656 ], [ 126.945676273682906, 37.437305298960233 ], [ 126.945090447596215, 37.437088230713265 ], [ 126.944637117839946, 37.437123475781043 ], [ 126.944060087404281, 37.437198096668823 ], [ 126.943522605012589, 37.437265969436723 ], [ 126.943384883716391, 37.43728279482535 ], [ 126.943283708864925, 37.437299638962017 ], [ 126.942624018313623, 37.437405180491417 ], [ 126.942231776499099, 37.437466312152061 ], [ 126.941979415957448, 37.437505642770134 ], [ 126.941424155922704, 37.437404297139857 ], [ 126.941148882270582, 37.436991667045021 ], [ 126.9411375961175, 37.436975605440047 ], [ 126.941136547935159, 37.436969415317357 ], [ 126.941102511217068, 37.436918148786951 ], [ 126.940879367878097, 37.436669697592613 ], [ 126.94070792141332, 37.436478983271407 ], [ 126.940530116186778, 37.436280391316181 ], [ 126.940502336021751, 37.436137061750912 ], [ 126.940502559001075, 37.436128518766523 ], [ 126.940502710824902, 37.436122701173396 ], [ 126.940480372034301, 37.43600781018781 ], [ 126.940471751233062, 37.435981622579561 ], [ 126.940426519913387, 37.435801955669817 ], [ 126.940352388429091, 37.43576897708131 ], [ 126.94022016146566, 37.435712370758239 ], [ 126.939558394358144, 37.435955810488657 ], [ 126.939539720157228, 37.435962546178622 ], [ 126.939384370292586, 37.436018581940665 ], [ 126.939364168589492, 37.436025817826334 ], [ 126.938625839973881, 37.436028515813284 ], [ 126.938621772909329, 37.43602851452443 ], [ 126.938615045605317, 37.436096374289846 ], [ 126.938575228057005, 37.436415084506258 ], [ 126.9385745268699, 37.436420428072836 ], [ 126.938545543192063, 37.436449135883578 ], [ 126.93837485680163, 37.436609252882349 ], [ 126.938326095007966, 37.43665259316009 ], [ 126.938282956088116, 37.436720983832309 ], [ 126.938251668416996, 37.436769963132882 ], [ 126.938165217540742, 37.436905348267189 ], [ 126.938145594026992, 37.436941945947957 ], [ 126.938014913423828, 37.437184300205168 ], [ 126.938012267751688, 37.437189364112818 ], [ 126.937988940855604, 37.437209344622048 ], [ 126.937751854855577, 37.437381821747273 ], [ 126.937746384847173, 37.437385756324097 ], [ 126.937750965039854, 37.437391669431882 ], [ 126.937741364112384, 37.437469097868664 ], [ 126.937742148315877, 37.437582002946776 ], [ 126.937744189749708, 37.437879059215661 ], [ 126.937725438685419, 37.437926351154935 ], [ 126.937655556466595, 37.43809355715927 ], [ 126.93757911861654, 37.438285548294758 ], [ 126.937562667858032, 37.43832693098684 ], [ 126.937470254912668, 37.438423739436409 ], [ 126.937272685427516, 37.438632270712155 ], [ 126.937265121702879, 37.438792762326159 ], [ 126.937257774581411, 37.438927342538356 ], [ 126.937248566238907, 37.439167510542347 ], [ 126.937247114469031, 37.439212838659799 ], [ 126.937402167109241, 37.43937426665029 ], [ 126.937605116379785, 37.43959113993354 ], [ 126.93763889463888, 37.439627236250523 ], [ 126.937693583959771, 37.439684426623721 ], [ 126.937713858746292, 37.439720756126498 ], [ 126.937757872000702, 37.439865787726525 ], [ 126.937843454072848, 37.440135576570768 ], [ 126.937864059604706, 37.44019753340833 ], [ 126.937745809761182, 37.440354019269982 ], [ 126.93754270431856, 37.440619986554985 ], [ 126.937372846440496, 37.440843172553294 ], [ 126.937353578852921, 37.440871598196686 ], [ 126.937238879504164, 37.440994018043249 ], [ 126.937194169323888, 37.441041855078751 ], [ 126.9369488758595, 37.441298509414516 ], [ 126.936847445707301, 37.441402357276594 ], [ 126.936812102341605, 37.44143837864253 ], [ 126.936771932369524, 37.441542810365902 ], [ 126.936735127734877, 37.441634864354754 ], [ 126.936688109781215, 37.441695945653883 ], [ 126.936650635755612, 37.441741253483578 ], [ 126.936646925746686, 37.441745757042632 ], [ 126.936306720137779, 37.441904931140989 ], [ 126.936201983639165, 37.441954428438919 ], [ 126.936041366893207, 37.442093436682711 ], [ 126.935985706898805, 37.442141556306922 ], [ 126.935840900775602, 37.442156397507709 ], [ 126.935643129356023, 37.44217796580142 ], [ 126.935577364977945, 37.442282669682676 ], [ 126.935440858527883, 37.442497151665933 ], [ 126.935382019674634, 37.44254863773341 ], [ 126.935258505368964, 37.442656689018087 ], [ 126.935254975363691, 37.442659787264716 ], [ 126.935125863963847, 37.442898482384408 ], [ 126.935113310591092, 37.442921567608558 ], [ 126.935109595846882, 37.442928034265833 ], [ 126.935031606221955, 37.443063709746291 ], [ 126.934897997711573, 37.443209481334797 ], [ 126.934895342505598, 37.443212298921907 ], [ 126.934893781220183, 37.443213063024395 ], [ 126.934887940959698, 37.443215946505376 ], [ 126.934741209475945, 37.443208264680138 ], [ 126.934564063971308, 37.443196631615692 ], [ 126.934450883759339, 37.443258224709993 ], [ 126.934051302296609, 37.443472545580534 ], [ 126.934027265555571, 37.443485208212145 ], [ 126.933818431589415, 37.443638818916043 ], [ 126.933468588291078, 37.443896252111777 ], [ 126.933407627496223, 37.443941267832699 ], [ 126.933224586771487, 37.444074617677636 ], [ 126.933218581544949, 37.44407912093596 ], [ 126.933001813500553, 37.444206262339137 ], [ 126.932651661616461, 37.444411316963624 ], [ 126.932215655590255, 37.444666164069893 ], [ 126.932135979276126, 37.444713699561795 ], [ 126.931838969257683, 37.444917945257366 ], [ 126.931749571784508, 37.44497616899119 ], [ 126.9314895670786, 37.445074009093297 ], [ 126.931325651382238, 37.445135567820934 ], [ 126.930862489450973, 37.445334928289533 ], [ 126.930559723598336, 37.445465952312347 ], [ 126.930554072231047, 37.445468479547131 ], [ 126.930546483044438, 37.445485043389027 ], [ 126.930517448162576, 37.44554842165936 ], [ 126.930393936913092, 37.445818370645014 ], [ 126.930326338519677, 37.445968689670835 ], [ 126.930317340703866, 37.446006411615897 ], [ 126.930300113354804, 37.44607863412903 ], [ 126.930285040304142, 37.446141820942458 ], [ 126.930281503142822, 37.446152522902729 ], [ 126.930240288292779, 37.446229363731433 ], [ 126.930163163864108, 37.446377981824945 ], [ 126.930210205332244, 37.446477967889905 ], [ 126.930277703950225, 37.446621323387639 ], [ 126.93026566136011, 37.446653698182807 ], [ 126.930278480721583, 37.446732823944259 ], [ 126.93028934391144, 37.446823776973687 ], [ 126.930324396332509, 37.447089875077708 ], [ 126.930356712956822, 37.447334220901368 ], [ 126.930374584391345, 37.447347212753314 ], [ 126.931025475243217, 37.447820396247671 ], [ 126.931025765330205, 37.44782060676043 ], [ 126.931131297628511, 37.447897324105654 ], [ 126.931271455944199, 37.448277586013653 ], [ 126.931415255164367, 37.448522036179995 ], [ 126.931458489840438, 37.448595552013693 ], [ 126.931481711267395, 37.448636819046797 ], [ 126.931598770771402, 37.448844939814073 ], [ 126.931875886427662, 37.448845103187551 ], [ 126.932215384238731, 37.448904511148712 ], [ 126.93268858144306, 37.449114461142493 ], [ 126.932749804586294, 37.449141623735159 ], [ 126.932837112927587, 37.449226497748541 ], [ 126.932847247580355, 37.449236350507228 ], [ 126.932894165527927, 37.449281967381125 ], [ 126.932899275341157, 37.449295793567643 ], [ 126.932919254137033, 37.449349794534051 ], [ 126.932921574220003, 37.449356064729692 ], [ 126.932955252201978, 37.449447058451668 ], [ 126.932956444310619, 37.449450289247409 ], [ 126.933178207788245, 37.449563341068284 ], [ 126.933236130412197, 37.449592872585072 ], [ 126.93326854367352, 37.449609398572377 ], [ 126.933319799813688, 37.449633025701552 ], [ 126.933331814520471, 37.449638559990383 ], [ 126.933343657945301, 37.449644019545019 ], [ 126.933830332644646, 37.449868373874281 ], [ 126.933947248420196, 37.450067875486063 ], [ 126.934006466914141, 37.450220211784888 ], [ 126.93405628696857, 37.450348402409418 ], [ 126.934396275433159, 37.450907758085492 ], [ 126.934410145979797, 37.450876470567948 ], [ 126.934404816914352, 37.450915136956461 ], [ 126.934725938266453, 37.451058957028735 ], [ 126.934726070347281, 37.451059283953747 ], [ 126.934862526615873, 37.451393344267352 ], [ 126.934881245291578, 37.451414626613726 ], [ 126.934935088580403, 37.451461285310657 ], [ 126.935422006331621, 37.45188413950266 ], [ 126.935432238878818, 37.451890687208959 ], [ 126.935487266785273, 37.451903772854152 ], [ 126.935973183374315, 37.452019583466296 ], [ 126.936258320048381, 37.452087538416563 ], [ 126.936256923709635, 37.452158194971624 ], [ 126.936239630145778, 37.45265435938925 ], [ 126.936238103404207, 37.452748712133278 ], [ 126.936421781237343, 37.453148437451155 ], [ 126.936518904421703, 37.453285289316625 ], [ 126.936623178924137, 37.453425947393022 ], [ 126.936636079932853, 37.453443669284994 ], [ 126.936707741248014, 37.453539612966644 ], [ 126.936827036652289, 37.45381134915403 ], [ 126.936865572619979, 37.453895289172742 ], [ 126.936867404034047, 37.454064517847442 ], [ 126.937165278556037, 37.454631213559615 ], [ 126.937045779367921, 37.454910676863115 ], [ 126.937027020492579, 37.455026697364225 ], [ 126.937005770986417, 37.455224132341201 ], [ 126.937020848186521, 37.455344218723951 ], [ 126.937054235049601, 37.455554405941243 ], [ 126.937252931215355, 37.455668491236139 ], [ 126.937339172739996, 37.455714226865524 ], [ 126.937484021094036, 37.455795629784731 ], [ 126.937532768175302, 37.455819858768095 ], [ 126.937891996829478, 37.455956806530729 ], [ 126.937912231007815, 37.456005795351444 ], [ 126.937969582047131, 37.456167009003664 ], [ 126.937992307694458, 37.456230891144344 ], [ 126.93803943840669, 37.4562989346473 ], [ 126.938106273228186, 37.456387115405093 ], [ 126.938169562081114, 37.456557862046118 ], [ 126.938169748306564, 37.456558360483271 ], [ 126.938195133058031, 37.456626849465152 ], [ 126.938227100529915, 37.456715009507789 ], [ 126.938290457110213, 37.456869819419133 ], [ 126.938341378909172, 37.456929952437136 ], [ 126.938372985400235, 37.456964063261061 ], [ 126.938454819875844, 37.457052379997585 ], [ 126.938554760722525, 37.4572610243697 ], [ 126.938584794780866, 37.457326578883489 ], [ 126.938603649021744, 37.457430799177565 ], [ 126.938627489183773, 37.457737775640027 ], [ 126.938591508812337, 37.457850517400907 ], [ 126.938549314848004, 37.457982352917959 ], [ 126.938426557187739, 37.458365920067557 ], [ 126.938461669316752, 37.458451317872736 ], [ 126.938517908883043, 37.458591302460569 ], [ 126.938576243450484, 37.458654359448616 ], [ 126.93880487392039, 37.458910887682954 ], [ 126.938785636292835, 37.458981344993944 ], [ 126.938734648256002, 37.459158284382049 ], [ 126.938689337328583, 37.459313289034306 ], [ 126.938653659769699, 37.459435345988801 ], [ 126.938609854706812, 37.459585197460903 ], [ 126.938594941180966, 37.459636219386198 ], [ 126.938537692826927, 37.459824761896499 ], [ 126.938438494951228, 37.459857442620482 ], [ 126.938364448371686, 37.459882792145393 ], [ 126.938309256311314, 37.459901689161875 ], [ 126.937924688738732, 37.460033348654882 ], [ 126.937354479686661, 37.460196195394175 ], [ 126.937300552243556, 37.460170000146242 ], [ 126.936856078230065, 37.459947525260255 ], [ 126.936854188098962, 37.459990285849102 ], [ 126.936849233833925, 37.460565863456857 ], [ 126.936847930934633, 37.460717277825587 ], [ 126.936846991198308, 37.46082644892352 ], [ 126.93686074676009, 37.461627052983111 ], [ 126.936865098610724, 37.461788287560587 ], [ 126.936867516272955, 37.46187783398095 ], [ 126.936891117531943, 37.461994381565475 ], [ 126.936688633145465, 37.46259728691183 ], [ 126.93598630575481, 37.46284327852036 ], [ 126.935866227625638, 37.462885128787391 ], [ 126.935834062203057, 37.462896335979799 ], [ 126.935816939776643, 37.462902536717806 ], [ 126.935762435094546, 37.462922274072788 ], [ 126.93572283124827, 37.46299308515956 ], [ 126.935651432243944, 37.463120748251839 ], [ 126.935642918538989, 37.463397721906773 ], [ 126.935623515064918, 37.463477051740647 ], [ 126.935607918616, 37.463539420820503 ], [ 126.935595225315097, 37.463590147366531 ], [ 126.935591094759658, 37.463596588591727 ], [ 126.935542647129139, 37.463700708616074 ], [ 126.93549003529489, 37.463810610784229 ], [ 126.935475051927142, 37.463844354653773 ], [ 126.935468586206014, 37.463857270910204 ], [ 126.935127811821459, 37.463920051855006 ], [ 126.935103968793001, 37.463924451891771 ], [ 126.934916356789088, 37.463972569067103 ], [ 126.93486805382669, 37.463985800794326 ], [ 126.93473571812649, 37.464022039794273 ], [ 126.934703605229117, 37.464030839391519 ], [ 126.934681077196643, 37.464042455617168 ], [ 126.934667789969296, 37.464053474279261 ], [ 126.934665111735725, 37.464055645463048 ], [ 126.934544627084676, 37.464153370474023 ], [ 126.934392532195176, 37.464281973401 ], [ 126.934391785639676, 37.46428260438551 ], [ 126.934361494900983, 37.464317891880761 ], [ 126.934351325751521, 37.464329735754959 ], [ 126.934330387327691, 37.464354129097245 ], [ 126.934328419450011, 37.464356419047874 ], [ 126.934312631774759, 37.464374811447968 ], [ 126.934277672747854, 37.46441553881813 ], [ 126.934236633210546, 37.464463341589443 ], [ 126.934176277312602, 37.464533650766604 ], [ 126.934159432750135, 37.464596991639176 ], [ 126.934156825737688, 37.464606812999072 ], [ 126.934133189392995, 37.464695680323615 ], [ 126.934289061515699, 37.4649949193862 ], [ 126.934301550788135, 37.465110394780147 ], [ 126.93430174519888, 37.465112207445401 ], [ 126.934304362742779, 37.465136407083044 ], [ 126.934304534891453, 37.465138172770963 ], [ 126.934268067475287, 37.465178536873395 ], [ 126.934101356230826, 37.465362540039152 ], [ 126.933950298904065, 37.465478485017847 ], [ 126.933929284307709, 37.465494623259431 ], [ 126.933782946765902, 37.465589387929505 ], [ 126.933762966246036, 37.465635886209142 ], [ 126.93376200170232, 37.465638129579943 ], [ 126.933623865218166, 37.4659595740927 ], [ 126.933585596081031, 37.465993133985229 ], [ 126.933557272727001, 37.466017969503277 ], [ 126.933556083145049, 37.466019012984276 ], [ 126.933526584984065, 37.466044879427557 ], [ 126.933424210942505, 37.46612184070154 ], [ 126.933402013572831, 37.466138530216156 ], [ 126.933154400114077, 37.466119258675604 ], [ 126.933133374646431, 37.466117620093335 ], [ 126.933110825722125, 37.466115863331432 ], [ 126.932922857702053, 37.466101230102524 ], [ 126.932741729451322, 37.46608713236845 ], [ 126.932720309550419, 37.466085466581191 ], [ 126.93269656152026, 37.466083620157193 ], [ 126.932590349291274, 37.466075349483248 ], [ 126.932506823156814, 37.466076120146276 ], [ 126.932370261094405, 37.466077384124446 ], [ 126.93232851525282, 37.46599338592452 ], [ 126.932337485746416, 37.465950953317716 ], [ 126.932306017556613, 37.465944932484383 ], [ 126.93227635267111, 37.465939258316673 ], [ 126.932115835339317, 37.46590855734263 ], [ 126.931931730635313, 37.465873337812468 ], [ 126.931894149118634, 37.465866145456978 ], [ 126.931876490175725, 37.465884982812895 ], [ 126.931876157294212, 37.465885337249766 ], [ 126.931771335476, 37.465855069420329 ], [ 126.931771363061387, 37.46585471171295 ], [ 126.931774661893314, 37.46581209954546 ], [ 126.931747321398518, 37.465798893839718 ], [ 126.931698535301393, 37.46577533291893 ], [ 126.931596786807901, 37.465669250078776 ], [ 126.931573071955427, 37.465644522558406 ], [ 126.931558326270604, 37.465784594217745 ], [ 126.931558157315521, 37.465787493080938 ], [ 126.931437716719984, 37.465773973709574 ], [ 126.931437651291802, 37.465774400639532 ], [ 126.931403444134048, 37.466276371200713 ], [ 126.931400228079951, 37.466323550944018 ], [ 126.931400965865507, 37.466351855400625 ], [ 126.931402835635438, 37.466423605455354 ], [ 126.931445011392597, 37.466671125388501 ], [ 126.931449820781296, 37.466699352086849 ], [ 126.931454641963711, 37.466727664470838 ], [ 126.931464955499237, 37.466788244931102 ], [ 126.931549081358071, 37.467106382693864 ], [ 126.931564039214152, 37.46716295189804 ], [ 126.931565937652906, 37.467166418647686 ], [ 126.931885365977237, 37.467749779116069 ], [ 126.931908225644634, 37.467791528244618 ], [ 126.931910300361167, 37.467795315818734 ], [ 126.931975794265512, 37.46791492295764 ], [ 126.932113453058747, 37.468166317710903 ], [ 126.93211417809168, 37.468167642589009 ], [ 126.932120415675627, 37.468179031503858 ], [ 126.932185790814032, 37.468301869325401 ], [ 126.932204659014644, 37.468337322143199 ], [ 126.932313123138158, 37.468541114357052 ], [ 126.932336547427198, 37.468585126721955 ], [ 126.932446080486855, 37.468790921356344 ], [ 126.932505552446031, 37.468895656570837 ], [ 126.932520640896783, 37.468922225407638 ], [ 126.932689989217025, 37.469220448561209 ], [ 126.932690919979052, 37.46922208719517 ], [ 126.932784185777933, 37.469386328230868 ], [ 126.932850292362431, 37.469502740680575 ], [ 126.93305390560117, 37.469861294412595 ], [ 126.933078813333069, 37.46990515420039 ], [ 126.933115917133549, 37.469970496011314 ], [ 126.933215000984504, 37.470147158300172 ], [ 126.933222457176967, 37.470160452164272 ], [ 126.933227958389367, 37.470170259205098 ], [ 126.933234010828954, 37.470181050470323 ], [ 126.933444249326328, 37.470555901215008 ], [ 126.93346423576763, 37.470591534047664 ], [ 126.933663614526751, 37.470947016179828 ], [ 126.933668536712133, 37.470955790170031 ], [ 126.93366873311777, 37.470956139036161 ], [ 126.93382207868666, 37.471229541476724 ], [ 126.933929661129113, 37.471421355153815 ], [ 126.933980614307828, 37.471512194887083 ], [ 126.933989957742895, 37.471528855305102 ], [ 126.934019099584702, 37.47158080864515 ], [ 126.934060075602488, 37.47165386720571 ], [ 126.934098877942461, 37.4717230458049 ], [ 126.934105247549425, 37.471734401892206 ], [ 126.93411549159481, 37.471752665624741 ], [ 126.934139354212093, 37.471795209597452 ], [ 126.934180124374407, 37.471776338379925 ], [ 126.934195055845308, 37.471769426146743 ], [ 126.9343770113299, 37.471685207158636 ], [ 126.934812038298219, 37.47148384114297 ], [ 126.935016042715688, 37.471389409663757 ], [ 126.935186873901642, 37.471356746271326 ], [ 126.935329803897858, 37.471329418748773 ], [ 126.935347252804192, 37.471326082374951 ], [ 126.935356758145076, 37.471324263786165 ], [ 126.936017860692644, 37.471197852453599 ], [ 126.936226683886161, 37.471157921850811 ], [ 126.9362482777574, 37.471153792995118 ], [ 126.936250490698342, 37.471153371801911 ], [ 126.93636451792203, 37.47113156566266 ], [ 126.936807905958091, 37.471055175006661 ], [ 126.93682660326111, 37.471054097763187 ], [ 126.936872628104169, 37.471051443581722 ], [ 126.93687489767278, 37.471051311983118 ], [ 126.937261316147016, 37.471029028937735 ], [ 126.937282656377292, 37.471027796556044 ], [ 126.937708719772232, 37.470978283281198 ], [ 126.937792208536308, 37.470968579912494 ], [ 126.937889350350716, 37.470956945824952 ], [ 126.937915452221944, 37.470953821492593 ], [ 126.93892846288918, 37.470832497898357 ], [ 126.938939788743923, 37.470831143753166 ], [ 126.938952580442745, 37.470829610886838 ] ] ] } },
{ "type": "Feature", "properties": { "ADM_NM": "난곡동", "dong_group": "신림동", "safety_score": 71.7, "cctv": 156.0, "light": 919.0, "bell": 86.0, "police": 0.0 }, "geometry": { "type": "Polygon", "coordinates": [ [ [ 126.926631782080889, 37.473311473461351 ], [ 126.926883822537093, 37.472824055118529 ], [ 126.926867082934734, 37.472794241695681 ], [ 126.926707969910424, 37.472510841474211 ], [ 126.926686327891005, 37.472472295307576 ], [ 126.926622151673371, 37.47234763781735 ], [ 126.926569643472007, 37.472244276541446 ], [ 126.926510647550842, 37.472116467737791 ], [ 126.926394560986935, 37.471865555366193 ], [ 126.926262741401587, 37.471737674112411 ], [ 126.926107511394889, 37.471609199487212 ], [ 126.925757841401094, 37.471348972819683 ], [ 126.925756909983846, 37.471318167047372 ], [ 126.925756475893991, 37.471253249049362 ], [ 126.925755192421732, 37.471060768370386 ], [ 126.925755691784531, 37.471005398497518 ], [ 126.925757597101978, 37.470794334660702 ], [ 126.925946585068502, 37.470424520277945 ], [ 126.925999399083196, 37.470323309025765 ], [ 126.925958824966287, 37.469775581164257 ], [ 126.925950243027231, 37.469687701995994 ], [ 126.925955986839455, 37.469659888709948 ], [ 126.926045244210883, 37.469227620175957 ], [ 126.926052519340445, 37.469192238394243 ], [ 126.92606201549593, 37.469146058296467 ], [ 126.926069257629862, 37.469110848512599 ], [ 126.926023628705678, 37.468890857395195 ], [ 126.926047837477839, 37.468798073659251 ], [ 126.926092503481769, 37.468626892574441 ], [ 126.926097641091559, 37.468607204792754 ], [ 126.926102745655271, 37.468588584961374 ], [ 126.926079963528537, 37.468581608654404 ], [ 126.926060733027995, 37.468575721310529 ], [ 126.925627666811593, 37.468443137124666 ], [ 126.925575955613866, 37.468417037464356 ], [ 126.925558181623757, 37.468408061850383 ], [ 126.925523872527293, 37.468365060642952 ], [ 126.925494868681383, 37.468306496204704 ], [ 126.925486059769781, 37.468288704703525 ], [ 126.925446703565413, 37.468194162625316 ], [ 126.925421743280239, 37.468126798024876 ], [ 126.925444332438772, 37.467895513514492 ], [ 126.925449517787271, 37.467842416192823 ], [ 126.925455304254541, 37.467783176322811 ], [ 126.925424460106669, 37.467767992567993 ], [ 126.925105291166247, 37.467611553223698 ], [ 126.925073257178894, 37.467488915200079 ], [ 126.925065112917224, 37.467449923313175 ], [ 126.925048748782928, 37.467389788796183 ], [ 126.92504027165927, 37.467354985708887 ], [ 126.924960907822509, 37.467287548266718 ], [ 126.924822069276829, 37.467169563269294 ], [ 126.924794139970373, 37.467145928868305 ], [ 126.924920518794906, 37.466878620200163 ], [ 126.924900330909665, 37.466857097527615 ], [ 126.924805208645239, 37.466755684941084 ], [ 126.924778835085419, 37.466735944771919 ], [ 126.924350838347593, 37.466415530885477 ], [ 126.923936538495397, 37.466085523245134 ], [ 126.923517543077295, 37.465751771326374 ], [ 126.923492720333286, 37.46573117673482 ], [ 126.923484484064957, 37.465714899453793 ], [ 126.923448354888677, 37.465637831768717 ], [ 126.923438625325417, 37.465617072847536 ], [ 126.923407907855292, 37.465524016190251 ], [ 126.923378691308159, 37.465455808328649 ], [ 126.923347213384815, 37.465367552191431 ], [ 126.923314636169096, 37.465280502107795 ], [ 126.923295663366787, 37.465220447441659 ], [ 126.92328033280765, 37.465172479758657 ], [ 126.923264441298656, 37.465122757091663 ], [ 126.923237593982421, 37.4650052491507 ], [ 126.923234314933239, 37.464974594115752 ], [ 126.923234344366605, 37.464901431766336 ], [ 126.923236010400046, 37.464842652294294 ], [ 126.923235332919276, 37.464808665910716 ], [ 126.923240041406885, 37.464770710987487 ], [ 126.923242405770878, 37.464748943865693 ], [ 126.923208365588835, 37.464719458275304 ], [ 126.923086863146082, 37.464611446456793 ], [ 126.923018281879123, 37.46455059249309 ], [ 126.922946190197464, 37.464485834682101 ], [ 126.922925431849762, 37.464467186924665 ], [ 126.922815367021741, 37.464470682054298 ], [ 126.922667747543656, 37.464475315000286 ], [ 126.922550178396037, 37.464478704715297 ], [ 126.922433485164802, 37.464494205663016 ], [ 126.922217715888536, 37.464522189068852 ], [ 126.92196144269748, 37.464555562386806 ], [ 126.921951352122846, 37.464563699178363 ], [ 126.921901866495745, 37.464603591052658 ], [ 126.921781945602689, 37.464701908748289 ], [ 126.921687083881636, 37.46477897050579 ], [ 126.921597562620903, 37.464851205403782 ], [ 126.921576384956182, 37.464866760167531 ], [ 126.921527231078869, 37.464892749126449 ], [ 126.921221821169866, 37.465050731251516 ], [ 126.921136183346007, 37.465095554629599 ], [ 126.920980671177929, 37.465176949874234 ], [ 126.92083157516636, 37.4651658121061 ], [ 126.920624263066415, 37.465148794889544 ], [ 126.920568313724971, 37.465144150762249 ], [ 126.92047012540479, 37.465140813746579 ], [ 126.920462856351278, 37.465137765751734 ], [ 126.920462279250174, 37.465137523159676 ], [ 126.92042693040132, 37.465122700888493 ], [ 126.920228575668446, 37.465310396894871 ], [ 126.920215315694961, 37.465323294291686 ], [ 126.920194866262506, 37.465343188820427 ], [ 126.920174705229115, 37.465347995095406 ], [ 126.919964797245086, 37.465440942502418 ], [ 126.919958227905369, 37.465443928008504 ], [ 126.919956868577628, 37.465444525247072 ], [ 126.919940872939804, 37.465450271315561 ], [ 126.91987170130642, 37.465475126553407 ], [ 126.91982476664117, 37.465491989509928 ], [ 126.919828277941832, 37.465496655963612 ], [ 126.919830664310382, 37.465502317403455 ], [ 126.919840626026343, 37.46552597472887 ], [ 126.919841501054378, 37.465528052152521 ], [ 126.919852869708365, 37.465555049612973 ], [ 126.919857259403756, 37.46555418783182 ], [ 126.919859060130079, 37.465553834325917 ], [ 126.919881540547252, 37.465587808779752 ], [ 126.919953665362897, 37.465696809147062 ], [ 126.920055013730433, 37.465922239124538 ], [ 126.920053436321894, 37.465922813661201 ], [ 126.919988485742962, 37.465946484562501 ], [ 126.919957142768155, 37.465957905073573 ], [ 126.91993642547753, 37.465965455019422 ], [ 126.919909463769955, 37.465975349390135 ], [ 126.919921831978087, 37.46600368756431 ], [ 126.919914041358638, 37.466004177516602 ], [ 126.919878463878646, 37.466019344001303 ], [ 126.919859337533637, 37.465993833559367 ], [ 126.919859169644212, 37.465993609197888 ], [ 126.919833607440651, 37.465959513250468 ], [ 126.919762759159852, 37.46591592715442 ], [ 126.919728271182393, 37.465947267535064 ], [ 126.919550929423366, 37.465851872745588 ], [ 126.919541155386952, 37.466012659759386 ], [ 126.919539503194926, 37.466045868551831 ], [ 126.919610274763727, 37.466067488267718 ], [ 126.919710452966399, 37.466095163472261 ], [ 126.919590186838377, 37.466152618569858 ], [ 126.91956821178654, 37.466162387729796 ], [ 126.919181114660375, 37.466173553582152 ], [ 126.919027220199681, 37.466177148810544 ], [ 126.918916802104476, 37.466180649377655 ], [ 126.918872319437412, 37.466182770554241 ], [ 126.91878394499922, 37.466184304473721 ], [ 126.918548944478744, 37.466188915253348 ], [ 126.918541227440556, 37.466195377886145 ], [ 126.918511205929704, 37.466214701326464 ], [ 126.918334611276293, 37.466324832815168 ], [ 126.918211754403544, 37.466401223934099 ], [ 126.918019445592478, 37.466522057835959 ], [ 126.917978078003884, 37.466547679842314 ], [ 126.917888152255756, 37.466602802091806 ], [ 126.917859061046954, 37.466617026448993 ], [ 126.917819776835486, 37.466631793674786 ], [ 126.917685869122238, 37.466684479921511 ], [ 126.917534157672321, 37.466746459607521 ], [ 126.917502968783566, 37.466758771667678 ], [ 126.917433824575966, 37.466787411310996 ], [ 126.91742018123513, 37.466787536938021 ], [ 126.917349086624924, 37.466771692034413 ], [ 126.917202316610016, 37.466741007056186 ], [ 126.916905855371169, 37.466675787755356 ], [ 126.916867589579667, 37.466668020293206 ], [ 126.916758772325849, 37.466643813540919 ], [ 126.916734293392352, 37.466639281461532 ], [ 126.91671311948781, 37.466642513777721 ], [ 126.916432077857138, 37.466685393733599 ], [ 126.916246990602062, 37.46671413785289 ], [ 126.916117164811467, 37.466734435003588 ], [ 126.915896809115907, 37.466802687549155 ], [ 126.915755587770903, 37.466847093417876 ], [ 126.915746719554079, 37.466849882543031 ], [ 126.91565565730518, 37.466878017973897 ], [ 126.915620172631961, 37.466890686863046 ], [ 126.915629693151502, 37.466907245047935 ], [ 126.915685454707287, 37.466992952544004 ], [ 126.915716908079503, 37.467041297452134 ], [ 126.915723593612626, 37.46705117425563 ], [ 126.915741644558722, 37.467077841893563 ], [ 126.915729671442008, 37.467099177359323 ], [ 126.915707995424199, 37.467129415344722 ], [ 126.915602424015674, 37.467276690975531 ], [ 126.915582113124444, 37.467285245376274 ], [ 126.915555580976985, 37.467295461756066 ], [ 126.915548350184693, 37.46729824724698 ], [ 126.915443125385721, 37.467338780062228 ], [ 126.915387292715906, 37.467360228408964 ], [ 126.915358597045312, 37.467375984611081 ], [ 126.91533638752405, 37.467393672964519 ], [ 126.915212599242878, 37.467480719406637 ], [ 126.915017323387914, 37.467618536931617 ], [ 126.914889155892439, 37.467709624676722 ], [ 126.914714598494371, 37.467833486682743 ], [ 126.914702462944703, 37.467842097648621 ], [ 126.914649856296393, 37.467879171361574 ], [ 126.914623233964605, 37.467899604891286 ], [ 126.914619109874593, 37.467907711115515 ], [ 126.914629151239581, 37.467934469936438 ], [ 126.914646746906115, 37.467986001278504 ], [ 126.914647229780599, 37.467990642065068 ], [ 126.914668873635222, 37.468041194751052 ], [ 126.914675943454043, 37.468066320006599 ], [ 126.914713404113641, 37.468156385496485 ], [ 126.914729860330851, 37.46819728415587 ], [ 126.914771284375789, 37.468308868475766 ], [ 126.914785596892486, 37.468346387228834 ], [ 126.914649827087729, 37.46843200004804 ], [ 126.914569275501961, 37.468482542202082 ], [ 126.914549872280347, 37.468494717171957 ], [ 126.914442380333, 37.468562482328132 ], [ 126.914409042643911, 37.46858349725494 ], [ 126.914378520931521, 37.468603332728868 ], [ 126.914415802444168, 37.468768830356851 ], [ 126.914413786478136, 37.468771973320322 ], [ 126.914433655442011, 37.468853195904742 ], [ 126.914439684222089, 37.468879707710421 ], [ 126.914435149699059, 37.468890984676662 ], [ 126.914366703405904, 37.469076478662224 ], [ 126.914311785755956, 37.469222643058764 ], [ 126.914292651834245, 37.469276220540976 ], [ 126.914264153232168, 37.46935601900261 ], [ 126.914233542366233, 37.469442159763084 ], [ 126.914227896361751, 37.469455435832479 ], [ 126.914261500275828, 37.469529055959995 ], [ 126.9143054918502, 37.469630729183734 ], [ 126.914305337978632, 37.46963595630298 ], [ 126.914367522643005, 37.469776986479658 ], [ 126.914367827105139, 37.469777678429587 ], [ 126.914383369720213, 37.469812924683637 ], [ 126.914393930290785, 37.469839107417371 ], [ 126.914456961417926, 37.469978367864059 ], [ 126.914528085332378, 37.47013662755645 ], [ 126.914539050334398, 37.470157222052222 ], [ 126.914640088238741, 37.470291767312041 ], [ 126.914642572996655, 37.470295076792006 ], [ 126.914643035240786, 37.470295693808666 ], [ 126.914706727524859, 37.47037956528267 ], [ 126.914707449525309, 37.4703805170885 ], [ 126.914732487021723, 37.470413484819275 ], [ 126.914751263992173, 37.470433247275558 ], [ 126.914751203232072, 37.470456125264967 ], [ 126.914751186369003, 37.470490488586123 ], [ 126.914748445210392, 37.470495405442058 ], [ 126.914748513618449, 37.470498380265056 ], [ 126.914748525157123, 37.470498785933678 ], [ 126.91475168380056, 37.470636136215539 ], [ 126.914751678068512, 37.470650795887032 ], [ 126.914755084484227, 37.470657590977211 ], [ 126.914811563739207, 37.470734289706016 ], [ 126.914849274475571, 37.470786803945877 ], [ 126.914866946233005, 37.470811412022854 ], [ 126.91489074228403, 37.470839873987678 ], [ 126.9148894578003, 37.470856676165937 ], [ 126.914887687046971, 37.470898430054341 ], [ 126.914866074416963, 37.470912080469155 ], [ 126.914865469811105, 37.470912461453956 ], [ 126.914815735094606, 37.470943824005289 ], [ 126.914815446424868, 37.470944006452868 ], [ 126.914756192872957, 37.471265177177841 ], [ 126.91471853868461, 37.471469209711856 ], [ 126.915001605492677, 37.471538054751463 ], [ 126.915440602980226, 37.47164482464219 ], [ 126.9164455037604, 37.472465465531748 ], [ 126.916504985974868, 37.472509633815378 ], [ 126.916504930679622, 37.472509909358067 ], [ 126.916489758855008, 37.472584752658364 ], [ 126.916489250822792, 37.472587257729167 ], [ 126.917027218980095, 37.472946220240701 ], [ 126.917046030563057, 37.472958772531832 ], [ 126.91706200289795, 37.472969658622219 ], [ 126.917101415657186, 37.472952184629222 ], [ 126.917156852234811, 37.472927605837391 ], [ 126.917162143148033, 37.472926674693134 ], [ 126.917392118614472, 37.472886227391683 ], [ 126.917384185408451, 37.47287833023065 ], [ 126.917381594115426, 37.472875752186908 ], [ 126.917441976561022, 37.472869616009191 ], [ 126.91746159322139, 37.472867621571922 ], [ 126.917462027880703, 37.472867863476239 ], [ 126.917475331014458, 37.472875285950764 ], [ 126.91756636195737, 37.472926075578926 ], [ 126.91763241157085, 37.472962927792175 ], [ 126.917657483102943, 37.472976916057604 ], [ 126.917674367112625, 37.472986337344167 ], [ 126.917691501119748, 37.472995896866841 ], [ 126.917691315101976, 37.472999174191322 ], [ 126.91768772301009, 37.473061890144713 ], [ 126.917640562736096, 37.473131494980052 ], [ 126.917630245349827, 37.473147372937376 ], [ 126.917626474120752, 37.473152712025218 ], [ 126.917578740582059, 37.473237444213545 ], [ 126.917516125196528, 37.473337745194691 ], [ 126.917476527028384, 37.473416689258848 ], [ 126.917484320829999, 37.473426819292335 ], [ 126.917547381224395, 37.473508775216068 ], [ 126.917571619235375, 37.473540276391361 ], [ 126.917578792405493, 37.473549940060977 ], [ 126.91757911251122, 37.473550370685466 ], [ 126.917581541226696, 37.47355364557481 ], [ 126.917583102912346, 37.473556869319744 ], [ 126.917613366544543, 37.473619273518487 ], [ 126.917651624702302, 37.473698163297762 ], [ 126.917656464615234, 37.473713677898381 ], [ 126.917658211461998, 37.473719274930339 ], [ 126.91768110347337, 37.47379264926726 ], [ 126.917693772677822, 37.473833262920635 ], [ 126.917714877030861, 37.473900914728645 ], [ 126.917716649295429, 37.473906589401672 ], [ 126.917717247361196, 37.473908510439735 ], [ 126.917723998591086, 37.473930147469162 ], [ 126.917727626903698, 37.473941776648864 ], [ 126.917796348446444, 37.474000393516611 ], [ 126.918641992966897, 37.474052953030771 ], [ 126.918688801409473, 37.474088305663045 ], [ 126.918689255654158, 37.474088648611357 ], [ 126.918692240838254, 37.474090904075005 ], [ 126.918695663401493, 37.474093489784863 ], [ 126.918697592828195, 37.474094945056144 ], [ 126.918724034556845, 37.474114914039511 ], [ 126.91882159708058, 37.474188595083426 ], [ 126.918983979785224, 37.474224311408761 ], [ 126.919063088146004, 37.474241711722058 ], [ 126.919135169478096, 37.474257569464754 ], [ 126.919195925776961, 37.474270767470898 ], [ 126.919198373549179, 37.474271299586825 ], [ 126.919595176558488, 37.474357510203319 ], [ 126.91955648534973, 37.474464311387933 ], [ 126.919519961968732, 37.474565129174167 ], [ 126.919516329855213, 37.474575154265843 ], [ 126.919798193584185, 37.474730759303846 ], [ 126.919819388789207, 37.47474246025746 ], [ 126.92025910771622, 37.474985210971944 ], [ 126.920262941137636, 37.474987328143165 ], [ 126.920433380262509, 37.475081420628065 ], [ 126.920517815071051, 37.475128031178912 ], [ 126.920521718331599, 37.475130186541307 ], [ 126.920651005920504, 37.475201562753789 ], [ 126.920748867090325, 37.475255586845179 ], [ 126.921225594623579, 37.475518759898087 ], [ 126.921226730927557, 37.47551938740142 ], [ 126.921228577854336, 37.47552040596976 ], [ 126.921233566790889, 37.475523159720503 ], [ 126.921370931536671, 37.475598991365466 ], [ 126.921554619530582, 37.475700394035364 ], [ 126.921680120646471, 37.475769675657489 ], [ 126.921689636851681, 37.475774928480639 ], [ 126.921930116775556, 37.475907681948144 ], [ 126.92193188713776, 37.475908658668409 ], [ 126.922204496903845, 37.476059145254077 ], [ 126.922636951572144, 37.476297872999233 ], [ 126.922648793506411, 37.476304408926318 ], [ 126.922682806828135, 37.476323183666182 ], [ 126.922884580608851, 37.476434565944665 ], [ 126.922948839277382, 37.476470030963391 ], [ 126.923313881148388, 37.476676776681281 ], [ 126.923345978965386, 37.4766949568995 ], [ 126.923354326609811, 37.476699684703 ], [ 126.923467935958683, 37.476764031842627 ], [ 126.923474659808804, 37.476767839539768 ], [ 126.92359028156622, 37.476833341106115 ], [ 126.923590593494168, 37.476833517491357 ], [ 126.923834774378008, 37.476971815870797 ], [ 126.92383606149744, 37.476972545036617 ], [ 126.924176229353478, 37.477165208357889 ], [ 126.924176655011891, 37.477165450193645 ], [ 126.924351060848153, 37.476963389869347 ], [ 126.924364803385544, 37.476947475740431 ], [ 126.924402893050612, 37.476903345122672 ], [ 126.924823069896817, 37.476695144067392 ], [ 126.924828020909956, 37.476692691236245 ], [ 126.924874706456279, 37.476669557085835 ], [ 126.924875043934108, 37.476669351416106 ], [ 126.925019911111704, 37.476584364341313 ], [ 126.925191211284201, 37.476483863509962 ], [ 126.925327873315425, 37.476380307811915 ], [ 126.92533683628551, 37.476373517305682 ], [ 126.925338484631965, 37.476372268829046 ], [ 126.925366737528378, 37.476350858363674 ], [ 126.92562414764717, 37.476208296432375 ], [ 126.925815054275589, 37.476102564768084 ], [ 126.925827517256337, 37.476095662338366 ], [ 126.925838590044691, 37.476089528320088 ], [ 126.925894270356935, 37.476051501961045 ], [ 126.92600975330528, 37.475972626304333 ], [ 126.926024402386503, 37.475962622082619 ], [ 126.92605686910386, 37.475940449540239 ], [ 126.926181012996182, 37.475855615440409 ], [ 126.926207071466763, 37.475662895432357 ], [ 126.92618419221013, 37.475561839376354 ], [ 126.926215432299585, 37.47546842285837 ], [ 126.926233671042084, 37.475413876478889 ], [ 126.926241891054218, 37.475389296686885 ], [ 126.926256276051461, 37.475346209489693 ], [ 126.926264602226382, 37.475291762792843 ], [ 126.926264660535367, 37.475291384505383 ], [ 126.926264778642505, 37.475290581066993 ], [ 126.926265533528181, 37.475285629062967 ], [ 126.926267850205008, 37.475270477657745 ], [ 126.926285028476258, 37.475133168778868 ], [ 126.926296837340487, 37.475038707848363 ], [ 126.926481196121088, 37.474708339119509 ], [ 126.926542714034227, 37.474570717203449 ], [ 126.926592120517142, 37.474460168275364 ], [ 126.926615527558951, 37.474448352383135 ], [ 126.926615857933569, 37.474448186333625 ], [ 126.926620225539637, 37.47444598117233 ], [ 126.92670709084932, 37.474313841642704 ], [ 126.926578373186814, 37.474075236689622 ], [ 126.926579561143384, 37.474032839832866 ], [ 126.926590891211944, 37.473628825567772 ], [ 126.926601667898424, 37.473365324133511 ], [ 126.926631782080889, 37.473311473461351 ] ] ] } },
{ "type": "Feature", "properties": { "ADM_NM": "삼성동", "dong_group": "신림동", "safety_score": 64.8, "cctv": 121.0, "light": 727.0, "bell": 91.0, "police": 0.0 }, "geometry": { "type": "Polygon", "coordinates": [ [ [ 126.92839431191166, 37.474887007447968 ], [ 126.928648462186317, 37.474850051516789 ], [ 126.92912297427614, 37.474870765261116 ], [ 126.929183747457614, 37.474873418630814 ], [ 126.929314535475541, 37.474639778231726 ], [ 126.929340822595506, 37.474576806469756 ], [ 126.929514073215302, 37.474519337789992 ], [ 126.929990587691037, 37.474385011366607 ], [ 126.930439249034507, 37.474258534793385 ], [ 126.930458287391133, 37.474253167934144 ], [ 126.930823316009423, 37.474150268294316 ], [ 126.930891282914061, 37.474186141671076 ], [ 126.930892017351738, 37.474186529187449 ], [ 126.931011451176204, 37.474249581179031 ], [ 126.931048676657426, 37.474269221674604 ], [ 126.931057439236938, 37.474273845475516 ], [ 126.931042721886726, 37.474295821848344 ], [ 126.930935165690869, 37.474345761961104 ], [ 126.93076137565626, 37.474426532063518 ], [ 126.9307495676277, 37.4744320221387 ], [ 126.930707268127776, 37.474451671673947 ], [ 126.930709378003684, 37.474489605614146 ], [ 126.930716314041021, 37.474617544563401 ], [ 126.930719157514332, 37.47466999391478 ], [ 126.930764518206431, 37.474689616007325 ], [ 126.930793893364097, 37.47470231795846 ], [ 126.930817959156911, 37.474712723803208 ], [ 126.930829213635789, 37.474717596682119 ], [ 126.930980764310647, 37.474783136124067 ], [ 126.931118469532677, 37.474760719010796 ], [ 126.931206335385909, 37.474746418323633 ], [ 126.931251248993391, 37.474735516262868 ], [ 126.931394426279525, 37.474700768437827 ], [ 126.931482241059257, 37.474679458332297 ], [ 126.931528715819326, 37.474662813908743 ], [ 126.931533052349181, 37.474661260098429 ], [ 126.931628916264216, 37.474626926115157 ], [ 126.931750144795529, 37.474584561250637 ], [ 126.931825118998731, 37.474562889883124 ], [ 126.93189043598052, 37.474542861181924 ], [ 126.931890901896267, 37.474542716500586 ], [ 126.93190371022807, 37.474538789570282 ], [ 126.931955406895625, 37.474524321628444 ], [ 126.931970201671405, 37.474520178901045 ], [ 126.932002660542679, 37.474382614501813 ], [ 126.932024840480921, 37.474236484640414 ], [ 126.932044900627758, 37.474157948310264 ], [ 126.932080664242662, 37.47401793544973 ], [ 126.932124174286145, 37.473909660602736 ], [ 126.932139951431665, 37.473840832035272 ], [ 126.932329307041016, 37.473966271883278 ], [ 126.932370417315852, 37.474007472207745 ], [ 126.932480917816406, 37.474074391701052 ], [ 126.932774208878058, 37.474277738713496 ], [ 126.93283995200764, 37.474334448730552 ], [ 126.932864369705044, 37.474335274402527 ], [ 126.9328971394592, 37.474352413291633 ], [ 126.932909399166704, 37.474357471069453 ], [ 126.932984607980671, 37.474388502550973 ], [ 126.933017504415631, 37.474387980786219 ], [ 126.933047772886496, 37.47438561484104 ], [ 126.933259868325607, 37.474369028806187 ], [ 126.933276961385573, 37.474367692052759 ], [ 126.933292009616906, 37.47436651494489 ], [ 126.933317903080905, 37.474362116113475 ], [ 126.933330231869562, 37.474355332124084 ], [ 126.933332964277227, 37.47435382914253 ], [ 126.933346858012371, 37.474346183746597 ], [ 126.933364283436816, 37.474328535778675 ], [ 126.933359819523091, 37.474327495835617 ], [ 126.933387545109511, 37.474294932896932 ], [ 126.933368942180039, 37.47428938866171 ], [ 126.933435719775972, 37.47420432854517 ], [ 126.933439427034131, 37.474206123801501 ], [ 126.93345673768917, 37.474187491886262 ], [ 126.933529536509837, 37.47410913875455 ], [ 126.933605484123902, 37.474057258263734 ], [ 126.933596911704996, 37.474050647164603 ], [ 126.933582690245359, 37.4740396878694 ], [ 126.933579487945323, 37.474037219920234 ], [ 126.933613855623619, 37.47399967540742 ], [ 126.933614957181803, 37.473998473767885 ], [ 126.933635276464997, 37.473985781782019 ], [ 126.933681469213937, 37.473956930752593 ], [ 126.93379352499089, 37.473886944534911 ], [ 126.933795041935809, 37.473885998166089 ], [ 126.933808782014168, 37.473877415466298 ], [ 126.933833260047606, 37.473862128531053 ], [ 126.933908157660497, 37.47381534991159 ], [ 126.933966916457436, 37.473778648644334 ], [ 126.934011752230418, 37.473750643669035 ], [ 126.933962625469576, 37.473697247976148 ], [ 126.933673202454244, 37.473382673074518 ], [ 126.93361607758942, 37.473299686938297 ], [ 126.933588606133554, 37.473207521069114 ], [ 126.933586845745438, 37.473201614135675 ], [ 126.933532891665493, 37.473069403705239 ], [ 126.933533116857063, 37.473066538462461 ], [ 126.933533415804675, 37.473062741567858 ], [ 126.933538514297865, 37.472997970900323 ], [ 126.933543468649646, 37.472678069798533 ], [ 126.933583950511476, 37.472420089317218 ], [ 126.933669950009715, 37.472284000581233 ], [ 126.933698501589873, 37.472238820680495 ], [ 126.933710243840949, 37.472220239549316 ], [ 126.933793174273006, 37.472089006053494 ], [ 126.933836301863053, 37.472020759870013 ], [ 126.933912474291603, 37.471900221883175 ], [ 126.934139354212093, 37.471795209597452 ], [ 126.93411549159481, 37.471752665624741 ], [ 126.934105247549425, 37.471734401892206 ], [ 126.934098877942461, 37.4717230458049 ], [ 126.934060075602488, 37.47165386720571 ], [ 126.934019099584702, 37.47158080864515 ], [ 126.933989957742895, 37.471528855305102 ], [ 126.933980614307828, 37.471512194887083 ], [ 126.933929661129113, 37.471421355153815 ], [ 126.93382207868666, 37.471229541476724 ], [ 126.93366873311777, 37.470956139036161 ], [ 126.933668536712133, 37.470955790170031 ], [ 126.933663614526751, 37.470947016179828 ], [ 126.93346423576763, 37.470591534047664 ], [ 126.933444249326328, 37.470555901215008 ], [ 126.933234010828954, 37.470181050470323 ], [ 126.933227958389367, 37.470170259205098 ], [ 126.933222457176967, 37.470160452164272 ], [ 126.933215000984504, 37.470147158300172 ], [ 126.933115917133549, 37.469970496011314 ], [ 126.933078813333069, 37.46990515420039 ], [ 126.93305390560117, 37.469861294412595 ], [ 126.932850292362431, 37.469502740680575 ], [ 126.932784185777933, 37.469386328230868 ], [ 126.932690919979052, 37.46922208719517 ], [ 126.932689989217025, 37.469220448561209 ], [ 126.932520640896783, 37.468922225407638 ], [ 126.932505552446031, 37.468895656570837 ], [ 126.932446080486855, 37.468790921356344 ], [ 126.932336547427198, 37.468585126721955 ], [ 126.932313123138158, 37.468541114357052 ], [ 126.932204659014644, 37.468337322143199 ], [ 126.932185790814032, 37.468301869325401 ], [ 126.932120415675627, 37.468179031503858 ], [ 126.93211417809168, 37.468167642589009 ], [ 126.932113453058747, 37.468166317710903 ], [ 126.931975794265512, 37.46791492295764 ], [ 126.931910300361167, 37.467795315818734 ], [ 126.931908225644634, 37.467791528244618 ], [ 126.931885365977237, 37.467749779116069 ], [ 126.931565937652906, 37.467166418647686 ], [ 126.931564039214152, 37.46716295189804 ], [ 126.931549081358071, 37.467106382693864 ], [ 126.931464955499237, 37.466788244931102 ], [ 126.931454641963711, 37.466727664470838 ], [ 126.931449820781296, 37.466699352086849 ], [ 126.931445011392597, 37.466671125388501 ], [ 126.931402835635438, 37.466423605455354 ], [ 126.931400965865507, 37.466351855400625 ], [ 126.931400228079951, 37.466323550944018 ], [ 126.931403444134048, 37.466276371200713 ], [ 126.931437651291802, 37.465774400639532 ], [ 126.931437716719984, 37.465773973709574 ], [ 126.931558157315521, 37.465787493080938 ], [ 126.931558326270604, 37.465784594217745 ], [ 126.931573071955427, 37.465644522558406 ], [ 126.931596786807901, 37.465669250078776 ], [ 126.931698535301393, 37.46577533291893 ], [ 126.931747321398518, 37.465798893839718 ], [ 126.931774661893314, 37.46581209954546 ], [ 126.931771363061387, 37.46585471171295 ], [ 126.931771335476, 37.465855069420329 ], [ 126.931876157294212, 37.465885337249766 ], [ 126.931876490175725, 37.465884982812895 ], [ 126.931894149118634, 37.465866145456978 ], [ 126.931931730635313, 37.465873337812468 ], [ 126.932115835339317, 37.46590855734263 ], [ 126.93227635267111, 37.465939258316673 ], [ 126.932306017556613, 37.465944932484383 ], [ 126.932337485746416, 37.465950953317716 ], [ 126.93232851525282, 37.46599338592452 ], [ 126.932370261094405, 37.466077384124446 ], [ 126.932506823156814, 37.466076120146276 ], [ 126.932590349291274, 37.466075349483248 ], [ 126.93269656152026, 37.466083620157193 ], [ 126.932720309550419, 37.466085466581191 ], [ 126.932741729451322, 37.46608713236845 ], [ 126.932922857702053, 37.466101230102524 ], [ 126.933110825722125, 37.466115863331432 ], [ 126.933133374646431, 37.466117620093335 ], [ 126.933154400114077, 37.466119258675604 ], [ 126.933402013572831, 37.466138530216156 ], [ 126.933424210942505, 37.46612184070154 ], [ 126.933526584984065, 37.466044879427557 ], [ 126.933556083145049, 37.466019012984276 ], [ 126.933557272727001, 37.466017969503277 ], [ 126.933585596081031, 37.465993133985229 ], [ 126.933623865218166, 37.4659595740927 ], [ 126.93376200170232, 37.465638129579943 ], [ 126.933762966246036, 37.465635886209142 ], [ 126.933782946765902, 37.465589387929505 ], [ 126.933929284307709, 37.465494623259431 ], [ 126.933950298904065, 37.465478485017847 ], [ 126.934101356230826, 37.465362540039152 ], [ 126.934268067475287, 37.465178536873395 ], [ 126.934304534891453, 37.465138172770963 ], [ 126.934304362742779, 37.465136407083044 ], [ 126.93430174519888, 37.465112207445401 ], [ 126.934301550788135, 37.465110394780147 ], [ 126.934289061515699, 37.4649949193862 ], [ 126.934133189392995, 37.464695680323615 ], [ 126.934156825737688, 37.464606812999072 ], [ 126.934159432750135, 37.464596991639176 ], [ 126.934176277312602, 37.464533650766604 ], [ 126.934236633210546, 37.464463341589443 ], [ 126.934277672747854, 37.46441553881813 ], [ 126.934312631774759, 37.464374811447968 ], [ 126.934328419450011, 37.464356419047874 ], [ 126.934330387327691, 37.464354129097245 ], [ 126.934351325751521, 37.464329735754959 ], [ 126.934361494900983, 37.464317891880761 ], [ 126.934391785639676, 37.46428260438551 ], [ 126.934392532195176, 37.464281973401 ], [ 126.934544627084676, 37.464153370474023 ], [ 126.934665111735725, 37.464055645463048 ], [ 126.934667789969296, 37.464053474279261 ], [ 126.934681077196643, 37.464042455617168 ], [ 126.934703605229117, 37.464030839391519 ], [ 126.93473571812649, 37.464022039794273 ], [ 126.93486805382669, 37.463985800794326 ], [ 126.934916356789088, 37.463972569067103 ], [ 126.935103968793001, 37.463924451891771 ], [ 126.935127811821459, 37.463920051855006 ], [ 126.935468586206014, 37.463857270910204 ], [ 126.935475051927142, 37.463844354653773 ], [ 126.93549003529489, 37.463810610784229 ], [ 126.935542647129139, 37.463700708616074 ], [ 126.935591094759658, 37.463596588591727 ], [ 126.935595225315097, 37.463590147366531 ], [ 126.935607918616, 37.463539420820503 ], [ 126.935623515064918, 37.463477051740647 ], [ 126.935642918538989, 37.463397721906773 ], [ 126.935651432243944, 37.463120748251839 ], [ 126.93572283124827, 37.46299308515956 ], [ 126.935762435094546, 37.462922274072788 ], [ 126.935816939776643, 37.462902536717806 ], [ 126.935834062203057, 37.462896335979799 ], [ 126.935866227625638, 37.462885128787391 ], [ 126.93598630575481, 37.46284327852036 ], [ 126.936688633145465, 37.46259728691183 ], [ 126.936891117531943, 37.461994381565475 ], [ 126.936867516272955, 37.46187783398095 ], [ 126.936865098610724, 37.461788287560587 ], [ 126.93686074676009, 37.461627052983111 ], [ 126.936846991198308, 37.46082644892352 ], [ 126.936847930934633, 37.460717277825587 ], [ 126.936849233833925, 37.460565863456857 ], [ 126.936854188098962, 37.459990285849102 ], [ 126.936856078230065, 37.459947525260255 ], [ 126.937300552243556, 37.460170000146242 ], [ 126.937354479686661, 37.460196195394175 ], [ 126.937924688738732, 37.460033348654882 ], [ 126.938309256311314, 37.459901689161875 ], [ 126.938364448371686, 37.459882792145393 ], [ 126.938438494951228, 37.459857442620482 ], [ 126.938537692826927, 37.459824761896499 ], [ 126.938594941180966, 37.459636219386198 ], [ 126.938609854706812, 37.459585197460903 ], [ 126.938653659769699, 37.459435345988801 ], [ 126.938689337328583, 37.459313289034306 ], [ 126.938734648256002, 37.459158284382049 ], [ 126.938785636292835, 37.458981344993944 ], [ 126.93880487392039, 37.458910887682954 ], [ 126.938576243450484, 37.458654359448616 ], [ 126.938517908883043, 37.458591302460569 ], [ 126.938461669316752, 37.458451317872736 ], [ 126.938426557187739, 37.458365920067557 ], [ 126.938549314848004, 37.457982352917959 ], [ 126.938591508812337, 37.457850517400907 ], [ 126.938627489183773, 37.457737775640027 ], [ 126.938603649021744, 37.457430799177565 ], [ 126.938584794780866, 37.457326578883489 ], [ 126.938554760722525, 37.4572610243697 ], [ 126.938454819875844, 37.457052379997585 ], [ 126.938372985400235, 37.456964063261061 ], [ 126.938341378909172, 37.456929952437136 ], [ 126.938290457110213, 37.456869819419133 ], [ 126.938227100529915, 37.456715009507789 ], [ 126.938195133058031, 37.456626849465152 ], [ 126.938169748306564, 37.456558360483271 ], [ 126.938169562081114, 37.456557862046118 ], [ 126.938106273228186, 37.456387115405093 ], [ 126.93803943840669, 37.4562989346473 ], [ 126.937992307694458, 37.456230891144344 ], [ 126.937969582047131, 37.456167009003664 ], [ 126.937912231007815, 37.456005795351444 ], [ 126.937891996829478, 37.455956806530729 ], [ 126.937532768175302, 37.455819858768095 ], [ 126.937484021094036, 37.455795629784731 ], [ 126.937339172739996, 37.455714226865524 ], [ 126.937252931215355, 37.455668491236139 ], [ 126.937054235049601, 37.455554405941243 ], [ 126.937020848186521, 37.455344218723951 ], [ 126.937005770986417, 37.455224132341201 ], [ 126.937027020492579, 37.455026697364225 ], [ 126.937045779367921, 37.454910676863115 ], [ 126.937165278556037, 37.454631213559615 ], [ 126.936867404034047, 37.454064517847442 ], [ 126.936865572619979, 37.453895289172742 ], [ 126.936827036652289, 37.45381134915403 ], [ 126.936707741248014, 37.453539612966644 ], [ 126.936636079932853, 37.453443669284994 ], [ 126.936623178924137, 37.453425947393022 ], [ 126.936518904421703, 37.453285289316625 ], [ 126.936421781237343, 37.453148437451155 ], [ 126.936238103404207, 37.452748712133278 ], [ 126.936239630145778, 37.45265435938925 ], [ 126.936256923709635, 37.452158194971624 ], [ 126.936258320048381, 37.452087538416563 ], [ 126.935973183374315, 37.452019583466296 ], [ 126.935487266785273, 37.451903772854152 ], [ 126.935432238878818, 37.451890687208959 ], [ 126.935422006331621, 37.45188413950266 ], [ 126.934935088580403, 37.451461285310657 ], [ 126.934881245291578, 37.451414626613726 ], [ 126.934862526615873, 37.451393344267352 ], [ 126.934726070347281, 37.451059283953747 ], [ 126.934725938266453, 37.451058957028735 ], [ 126.934404816914352, 37.450915136956461 ], [ 126.934410145979797, 37.450876470567948 ], [ 126.934396275433159, 37.450907758085492 ], [ 126.93405628696857, 37.450348402409418 ], [ 126.934006466914141, 37.450220211784888 ], [ 126.933947248420196, 37.450067875486063 ], [ 126.933830332644646, 37.449868373874281 ], [ 126.933343657945301, 37.449644019545019 ], [ 126.933331814520471, 37.449638559990383 ], [ 126.933319799813688, 37.449633025701552 ], [ 126.93326854367352, 37.449609398572377 ], [ 126.933236130412197, 37.449592872585072 ], [ 126.933178207788245, 37.449563341068284 ], [ 126.932956444310619, 37.449450289247409 ], [ 126.932955252201978, 37.449447058451668 ], [ 126.932921574220003, 37.449356064729692 ], [ 126.932919254137033, 37.449349794534051 ], [ 126.932899275341157, 37.449295793567643 ], [ 126.932894165527927, 37.449281967381125 ], [ 126.932847247580355, 37.449236350507228 ], [ 126.932837112927587, 37.449226497748541 ], [ 126.932749804586294, 37.449141623735159 ], [ 126.93268858144306, 37.449114461142493 ], [ 126.932215384238731, 37.448904511148712 ], [ 126.931875886427662, 37.448845103187551 ], [ 126.931598770771402, 37.448844939814073 ], [ 126.931481711267395, 37.448636819046797 ], [ 126.931458489840438, 37.448595552013693 ], [ 126.931415255164367, 37.448522036179995 ], [ 126.931271455944199, 37.448277586013653 ], [ 126.931131297628511, 37.447897324105654 ], [ 126.931025765330205, 37.44782060676043 ], [ 126.931025475243217, 37.447820396247671 ], [ 126.930374584391345, 37.447347212753314 ], [ 126.930356712956822, 37.447334220901368 ], [ 126.930364544165229, 37.447393420508007 ], [ 126.930365662719339, 37.447523229379364 ], [ 126.930367799654775, 37.44769019643563 ], [ 126.930367972550229, 37.447697512730628 ], [ 126.930342639021575, 37.447777461399575 ], [ 126.930303680409423, 37.447901046966088 ], [ 126.930255651910485, 37.448079255551121 ], [ 126.930245728737262, 37.448116415973196 ], [ 126.930173979907465, 37.448365555582328 ], [ 126.93017114862802, 37.448372311166288 ], [ 126.930166016703453, 37.448384129428973 ], [ 126.930055519312603, 37.448532727990809 ], [ 126.930047202306412, 37.448543985563425 ], [ 126.929909463383197, 37.448735366488066 ], [ 126.9297859057328, 37.44888114631992 ], [ 126.929606816339088, 37.449093053296714 ], [ 126.929436404115378, 37.449294549681106 ], [ 126.929286140862388, 37.449472128106741 ], [ 126.928991621903648, 37.449633840416332 ], [ 126.928955144795651, 37.449735748891904 ], [ 126.928910524762273, 37.449865519684025 ], [ 126.928716853645312, 37.44999436184321 ], [ 126.928634182076237, 37.450051012129606 ], [ 126.928415937502805, 37.450200560963999 ], [ 126.928398694689747, 37.450212484618973 ], [ 126.928401476162577, 37.450223151274884 ], [ 126.928407239823059, 37.4502430686154 ], [ 126.928493736325976, 37.45049063870799 ], [ 126.928509994560216, 37.450544681897313 ], [ 126.928503426481498, 37.450568968894792 ], [ 126.928465636131449, 37.450740650721372 ], [ 126.928452094249892, 37.450811334969245 ], [ 126.928410804260167, 37.450900581073043 ], [ 126.928366019856881, 37.451011917071988 ], [ 126.928346871929648, 37.451015057641108 ], [ 126.928289385122653, 37.451024486332557 ], [ 126.928082397257171, 37.451060801243742 ], [ 126.927868918652209, 37.451099314339814 ], [ 126.927810465600288, 37.451090861401063 ], [ 126.927543943604462, 37.451046600067492 ], [ 126.927344286621718, 37.451013442441536 ], [ 126.927290272317549, 37.451008264671728 ], [ 126.92725975709422, 37.451041834953116 ], [ 126.927100620027204, 37.451235289176111 ], [ 126.926895554584519, 37.451486270740702 ], [ 126.926713855425803, 37.451702846717424 ], [ 126.926658644847649, 37.451773757652894 ], [ 126.926629134335883, 37.45182285409583 ], [ 126.926521047715369, 37.452000921943004 ], [ 126.926497340593372, 37.452055182472876 ], [ 126.926430357218706, 37.452197067104493 ], [ 126.926365793811456, 37.45233382567622 ], [ 126.926275860299228, 37.452509654073751 ], [ 126.926263149803944, 37.452540453201991 ], [ 126.926223795170117, 37.452564438471619 ], [ 126.925758574579561, 37.452864095484891 ], [ 126.92565510700922, 37.452930740549156 ], [ 126.925587066692458, 37.452954456394579 ], [ 126.925423644952104, 37.453010042163243 ], [ 126.925362530502099, 37.452993143733224 ], [ 126.924976261587318, 37.452892690172753 ], [ 126.924911692464249, 37.452875898187266 ], [ 126.924809350975963, 37.452849283167893 ], [ 126.924779308107816, 37.452844109146938 ], [ 126.924755678756867, 37.452871628087344 ], [ 126.924620455067341, 37.453027485895269 ], [ 126.92459443923164, 37.453059087168882 ], [ 126.924489043511301, 37.453163984629192 ], [ 126.924280339090842, 37.453365567203612 ], [ 126.924247496472745, 37.453399350688287 ], [ 126.924183498155031, 37.453680161009565 ], [ 126.924092216244787, 37.453745784228786 ], [ 126.9239592054778, 37.453841367154631 ], [ 126.923821302115741, 37.453936799883834 ], [ 126.923711133988945, 37.453998067282114 ], [ 126.923308289321724, 37.454224216975639 ], [ 126.923082982468799, 37.454528922265162 ], [ 126.923030036753914, 37.454654725515041 ], [ 126.922943782013462, 37.454859678703336 ], [ 126.922823058787344, 37.455156138257301 ], [ 126.922795839671195, 37.455255400251602 ], [ 126.922775484337791, 37.455328967301384 ], [ 126.922653183064583, 37.455770950956882 ], [ 126.922601776288971, 37.455972858935652 ], [ 126.922570996101442, 37.456093148448367 ], [ 126.922509873681818, 37.456332020600492 ], [ 126.92218690511163, 37.45662361147599 ], [ 126.92231195972316, 37.45679173363088 ], [ 126.922497607655444, 37.457010667661606 ], [ 126.92286588014538, 37.457444970509698 ], [ 126.923093965294413, 37.45773659829652 ], [ 126.923109548065952, 37.457750203797787 ], [ 126.92323539822867, 37.457904909376779 ], [ 126.923359509588281, 37.458070108994299 ], [ 126.923385362869581, 37.458098705535306 ], [ 126.923429031369722, 37.458155597988139 ], [ 126.923533264263781, 37.458276508500845 ], [ 126.923618302422298, 37.458376819337929 ], [ 126.923671370064355, 37.458439115232636 ], [ 126.923707747210884, 37.45847963034538 ], [ 126.923730166421649, 37.458507097783631 ], [ 126.923831152953639, 37.458606040452715 ], [ 126.923838693203876, 37.458615236846384 ], [ 126.923844510988019, 37.458619916233879 ], [ 126.923889302035604, 37.458663365680501 ], [ 126.923928573285195, 37.458702061465232 ], [ 126.92395198885086, 37.458715961023799 ], [ 126.923962743049486, 37.458733059984901 ], [ 126.92398919458941, 37.45878587707584 ], [ 126.924018837563025, 37.458844227847649 ], [ 126.92402194401518, 37.458856708811055 ], [ 126.924072161012106, 37.458954933299566 ], [ 126.924154415971927, 37.459114779493859 ], [ 126.924188934648981, 37.459180530717333 ], [ 126.924212088197777, 37.459197069934795 ], [ 126.924215365103976, 37.459207676892284 ], [ 126.9242791987228, 37.459323156586215 ], [ 126.924452277118561, 37.459596661346737 ], [ 126.924337852075013, 37.459812628907812 ], [ 126.924321625762886, 37.45984202796803 ], [ 126.924206955053279, 37.460087133386558 ], [ 126.92418690448838, 37.460130836416113 ], [ 126.923990266790398, 37.46055933504821 ], [ 126.923900876445472, 37.460742648888861 ], [ 126.923859659916857, 37.460834000955387 ], [ 126.923855222478551, 37.460839358641358 ], [ 126.923847719248158, 37.46084844563206 ], [ 126.923807716464992, 37.460873115525281 ], [ 126.923716721188256, 37.460935116271457 ], [ 126.92365895472868, 37.46100716874237 ], [ 126.92357813615682, 37.461109052843049 ], [ 126.923568177409749, 37.461121606188392 ], [ 126.923545053704956, 37.461150758767126 ], [ 126.923507714360568, 37.461263106079791 ], [ 126.923480992995721, 37.461322390704723 ], [ 126.923467623536695, 37.461352069476931 ], [ 126.923464847758993, 37.46135822664904 ], [ 126.923297990233877, 37.461728417876962 ], [ 126.923286143598133, 37.461768275911332 ], [ 126.923233651753677, 37.461944904509643 ], [ 126.923222930044375, 37.461983893706858 ], [ 126.923221493615657, 37.462007199483359 ], [ 126.923221447094036, 37.462007956399113 ], [ 126.923215769695716, 37.462100086487212 ], [ 126.923216943219003, 37.462120427808621 ], [ 126.923213731581399, 37.462134300294757 ], [ 126.923209120559875, 37.462208607577153 ], [ 126.923201786554003, 37.462326792412426 ], [ 126.923198028204979, 37.46234176549423 ], [ 126.923194359901032, 37.462400804723892 ], [ 126.923193434277508, 37.46242120340024 ], [ 126.923137552002899, 37.462491966830591 ], [ 126.923137367024893, 37.462492200281289 ], [ 126.923120308553635, 37.462513796527176 ], [ 126.923086489722905, 37.462554095297001 ], [ 126.923026826812318, 37.4626251881404 ], [ 126.922966531371571, 37.462695733442047 ], [ 126.92294187888254, 37.462728025977739 ], [ 126.922927938730851, 37.462753037353558 ], [ 126.922924458601614, 37.462771083620069 ], [ 126.92292622027378, 37.462795663306338 ], [ 126.922923960091907, 37.462871992081929 ], [ 126.922923946590217, 37.462872424668959 ], [ 126.922923033816772, 37.462903205272418 ], [ 126.92291868745211, 37.462993202902915 ], [ 126.922918113744274, 37.463055489507219 ], [ 126.922921594645175, 37.463078981534125 ], [ 126.922919858073712, 37.463096008763394 ], [ 126.922917825918702, 37.463114712881953 ], [ 126.922918698446992, 37.463135219484357 ], [ 126.922922177949815, 37.463190525917064 ], [ 126.922919296589811, 37.4631976055514 ], [ 126.922914642654931, 37.463209035507582 ], [ 126.922911749069044, 37.463225208905939 ], [ 126.922911781981284, 37.463225487586996 ], [ 126.922913488285246, 37.463242706493141 ], [ 126.922914065862457, 37.463272899474994 ], [ 126.922908565718586, 37.463333811779933 ], [ 126.922906825264079, 37.463354579634377 ], [ 126.922905090597183, 37.463371651939909 ], [ 126.922906542261458, 37.463430534078682 ], [ 126.922906336725006, 37.463449330942986 ], [ 126.922905744700216, 37.463503111316349 ], [ 126.922905394029129, 37.463534905987643 ], [ 126.92290597145761, 37.463597778683919 ], [ 126.922905400419495, 37.463669425019326 ], [ 126.922908014414745, 37.463731559531055 ], [ 126.922906273023713, 37.463743326396475 ], [ 126.922907432825824, 37.463789277995552 ], [ 126.922908603813951, 37.463805380204676 ], [ 126.922909184743503, 37.46384381704042 ], [ 126.922907730717412, 37.463873513363176 ], [ 126.922907446339025, 37.463884324691165 ], [ 126.922908320399429, 37.463936557374126 ], [ 126.922910010536896, 37.463995015229948 ], [ 126.922908652019217, 37.464018169946286 ], [ 126.922908655830184, 37.464057984845994 ], [ 126.922904602518372, 37.464065559911695 ], [ 126.922908679957743, 37.464121785038287 ], [ 126.922923294506049, 37.464392908019789 ], [ 126.922927979905324, 37.464462431173224 ], [ 126.922925431849762, 37.464467186924665 ], [ 126.922946190197464, 37.464485834682101 ], [ 126.923018281879123, 37.46455059249309 ], [ 126.923086863146082, 37.464611446456793 ], [ 126.923208365588835, 37.464719458275304 ], [ 126.923242405770878, 37.464748943865693 ], [ 126.923240041406885, 37.464770710987487 ], [ 126.923235332919276, 37.464808665910716 ], [ 126.923236010400046, 37.464842652294294 ], [ 126.923234344366605, 37.464901431766336 ], [ 126.923234314933239, 37.464974594115752 ], [ 126.923237593982421, 37.4650052491507 ], [ 126.923264441298656, 37.465122757091663 ], [ 126.92328033280765, 37.465172479758657 ], [ 126.923295663366787, 37.465220447441659 ], [ 126.923314636169096, 37.465280502107795 ], [ 126.923347213384815, 37.465367552191431 ], [ 126.923378691308159, 37.465455808328649 ], [ 126.923407907855292, 37.465524016190251 ], [ 126.923438625325417, 37.465617072847536 ], [ 126.923448354888677, 37.465637831768717 ], [ 126.923484484064957, 37.465714899453793 ], [ 126.923492720333286, 37.46573117673482 ], [ 126.923517543077295, 37.465751771326374 ], [ 126.923936538495397, 37.466085523245134 ], [ 126.924350838347593, 37.466415530885477 ], [ 126.924778835085419, 37.466735944771919 ], [ 126.924805208645239, 37.466755684941084 ], [ 126.924900330909665, 37.466857097527615 ], [ 126.924920518794906, 37.466878620200163 ], [ 126.924794139970373, 37.467145928868305 ], [ 126.924822069276829, 37.467169563269294 ], [ 126.924960907822509, 37.467287548266718 ], [ 126.92504027165927, 37.467354985708887 ], [ 126.925048748782928, 37.467389788796183 ], [ 126.925065112917224, 37.467449923313175 ], [ 126.925073257178894, 37.467488915200079 ], [ 126.925105291166247, 37.467611553223698 ], [ 126.925424460106669, 37.467767992567993 ], [ 126.925455304254541, 37.467783176322811 ], [ 126.925449517787271, 37.467842416192823 ], [ 126.925444332438772, 37.467895513514492 ], [ 126.925421743280239, 37.468126798024876 ], [ 126.925446703565413, 37.468194162625316 ], [ 126.925486059769781, 37.468288704703525 ], [ 126.925494868681383, 37.468306496204704 ], [ 126.925523872527293, 37.468365060642952 ], [ 126.925558181623757, 37.468408061850383 ], [ 126.925575955613866, 37.468417037464356 ], [ 126.925627666811593, 37.468443137124666 ], [ 126.926060733027995, 37.468575721310529 ], [ 126.926079963528537, 37.468581608654404 ], [ 126.926102745655271, 37.468588584961374 ], [ 126.926097641091559, 37.468607204792754 ], [ 126.926092503481769, 37.468626892574441 ], [ 126.926047837477839, 37.468798073659251 ], [ 126.926023628705678, 37.468890857395195 ], [ 126.926069257629862, 37.469110848512599 ], [ 126.92606201549593, 37.469146058296467 ], [ 126.926052519340445, 37.469192238394243 ], [ 126.926045244210883, 37.469227620175957 ], [ 126.925955986839455, 37.469659888709948 ], [ 126.925950243027231, 37.469687701995994 ], [ 126.925958824966287, 37.469775581164257 ], [ 126.925999399083196, 37.470323309025765 ], [ 126.925946585068502, 37.470424520277945 ], [ 126.925757597101978, 37.470794334660702 ], [ 126.925755691784531, 37.471005398497518 ], [ 126.925755192421732, 37.471060768370386 ], [ 126.925756475893991, 37.471253249049362 ], [ 126.925756909983846, 37.471318167047372 ], [ 126.925757841401094, 37.471348972819683 ], [ 126.926107511394889, 37.471609199487212 ], [ 126.926262741401587, 37.471737674112411 ], [ 126.926394560986935, 37.471865555366193 ], [ 126.926510647550842, 37.472116467737791 ], [ 126.926569643472007, 37.472244276541446 ], [ 126.926622151673371, 37.47234763781735 ], [ 126.926686327891005, 37.472472295307576 ], [ 126.926707969910424, 37.472510841474211 ], [ 126.926867082934734, 37.472794241695681 ], [ 126.926883822537093, 37.472824055118529 ], [ 126.926631782080889, 37.473311473461351 ], [ 126.926601667898424, 37.473365324133511 ], [ 126.926590891211944, 37.473628825567772 ], [ 126.926579561143384, 37.474032839832866 ], [ 126.926578373186814, 37.474075236689622 ], [ 126.92670709084932, 37.474313841642704 ], [ 126.926801355717146, 37.47435642848334 ], [ 126.927046424057039, 37.474471244184834 ], [ 126.927326629479381, 37.474598812651656 ], [ 126.927605943229693, 37.474804273359268 ], [ 126.927962474598175, 37.474800070855693 ], [ 126.92802643913025, 37.474799769392391 ], [ 126.928311719279222, 37.474867421537866 ], [ 126.92839431191166, 37.474887007447968 ] ] ] } },
{ "type": "Feature", "properties": { "ADM_NM": "미성동", "dong_group": "신림동", "safety_score": 76.7, "cctv": 172.0, "light": 893.0, "bell": 96.0, "police": 1.0 }, "geometry": { "type": "Polygon", "coordinates": [ [ [ 126.922553258660074, 37.480848161590565 ], [ 126.922562838169256, 37.480811916146578 ], [ 126.922611902734886, 37.480626288778147 ], [ 126.922637711363734, 37.48048775184153 ], [ 126.922649749684837, 37.480423132847697 ], [ 126.922662224517865, 37.480356167948109 ], [ 126.922671462054538, 37.480306581628426 ], [ 126.922671701181599, 37.480305343430075 ], [ 126.922672162784707, 37.48030326715481 ], [ 126.922672412913982, 37.480301480984735 ], [ 126.922701318076122, 37.48014633271228 ], [ 126.9227246948507, 37.480020853549142 ], [ 126.92272924837458, 37.479996449903929 ], [ 126.922733675088978, 37.479972651351247 ], [ 126.922769487231761, 37.47975956687511 ], [ 126.92277219350224, 37.47971299432114 ], [ 126.922787054663857, 37.479456634234815 ], [ 126.922852879695654, 37.479270096203891 ], [ 126.922879353705625, 37.479195069401563 ], [ 126.922896702088579, 37.479151875441708 ], [ 126.922915625890937, 37.479104719593614 ], [ 126.923008991327805, 37.478872182672887 ], [ 126.923026857448988, 37.478827679743631 ], [ 126.923061098655424, 37.478742390104692 ], [ 126.923063263705529, 37.478740734065823 ], [ 126.923076858356694, 37.478730599779922 ], [ 126.92307713819001, 37.478730391129922 ], [ 126.923078202931762, 37.478729595923078 ], [ 126.92318345302526, 37.47865113281533 ], [ 126.923298931822714, 37.478459929008466 ], [ 126.923367127406308, 37.478347000809435 ], [ 126.923413005215508, 37.478233851890742 ], [ 126.923452173231325, 37.478137260606402 ], [ 126.92345711098406, 37.478125069496691 ], [ 126.923457301207378, 37.478124599916008 ], [ 126.923512650557896, 37.477988084394752 ], [ 126.923581654567016, 37.477750814048783 ], [ 126.92381856749671, 37.477485897697157 ], [ 126.923831333643292, 37.477474474845522 ], [ 126.923945141306319, 37.477372630971608 ], [ 126.923974633200103, 37.477346238769876 ], [ 126.923975291413683, 37.477345652490555 ], [ 126.924053370750457, 37.477275779457891 ], [ 126.92405487967514, 37.477274429367746 ], [ 126.924091018751724, 37.477242086322235 ], [ 126.924176655011891, 37.477165450193645 ], [ 126.924176229353478, 37.477165208357889 ], [ 126.92383606149744, 37.476972545036617 ], [ 126.923834774378008, 37.476971815870797 ], [ 126.923590593494168, 37.476833517491357 ], [ 126.92359028156622, 37.476833341106115 ], [ 126.923474659808804, 37.476767839539768 ], [ 126.923467935958683, 37.476764031842627 ], [ 126.923354326609811, 37.476699684703 ], [ 126.923345978965386, 37.4766949568995 ], [ 126.923313881148388, 37.476676776681281 ], [ 126.922948839277382, 37.476470030963391 ], [ 126.922884580608851, 37.476434565944665 ], [ 126.922682806828135, 37.476323183666182 ], [ 126.922648793506411, 37.476304408926318 ], [ 126.922636951572144, 37.476297872999233 ], [ 126.922204496903845, 37.476059145254077 ], [ 126.92193188713776, 37.475908658668409 ], [ 126.921930116775556, 37.475907681948144 ], [ 126.921689636851681, 37.475774928480639 ], [ 126.921680120646471, 37.475769675657489 ], [ 126.921554619530582, 37.475700394035364 ], [ 126.921370931536671, 37.475598991365466 ], [ 126.921233566790889, 37.475523159720503 ], [ 126.921228577854336, 37.47552040596976 ], [ 126.921226730927557, 37.47551938740142 ], [ 126.921225594623579, 37.475518759898087 ], [ 126.920748867090325, 37.475255586845179 ], [ 126.920651005920504, 37.475201562753789 ], [ 126.920521718331599, 37.475130186541307 ], [ 126.920517815071051, 37.475128031178912 ], [ 126.920433380262509, 37.475081420628065 ], [ 126.920262941137636, 37.474987328143165 ], [ 126.92025910771622, 37.474985210971944 ], [ 126.919819388789207, 37.47474246025746 ], [ 126.919798193584185, 37.474730759303846 ], [ 126.919516329855213, 37.474575154265843 ], [ 126.919519961968732, 37.474565129174167 ], [ 126.91955648534973, 37.474464311387933 ], [ 126.919595176558488, 37.474357510203319 ], [ 126.919198373549179, 37.474271299586825 ], [ 126.919195925776961, 37.474270767470898 ], [ 126.919135169478096, 37.474257569464754 ], [ 126.919063088146004, 37.474241711722058 ], [ 126.918983979785224, 37.474224311408761 ], [ 126.91882159708058, 37.474188595083426 ], [ 126.918724034556845, 37.474114914039511 ], [ 126.918697592828195, 37.474094945056144 ], [ 126.918695663401493, 37.474093489784863 ], [ 126.918692240838254, 37.474090904075005 ], [ 126.918689255654158, 37.474088648611357 ], [ 126.918688801409473, 37.474088305663045 ], [ 126.918641992966897, 37.474052953030771 ], [ 126.917796348446444, 37.474000393516611 ], [ 126.917727626903698, 37.473941776648864 ], [ 126.917723998591086, 37.473930147469162 ], [ 126.917717247361196, 37.473908510439735 ], [ 126.917716649295429, 37.473906589401672 ], [ 126.917714877030861, 37.473900914728645 ], [ 126.917693772677822, 37.473833262920635 ], [ 126.91768110347337, 37.47379264926726 ], [ 126.917658211461998, 37.473719274930339 ], [ 126.917656464615234, 37.473713677898381 ], [ 126.917651624702302, 37.473698163297762 ], [ 126.917613366544543, 37.473619273518487 ], [ 126.917583102912346, 37.473556869319744 ], [ 126.917581541226696, 37.47355364557481 ], [ 126.91757911251122, 37.473550370685466 ], [ 126.917578792405493, 37.473549940060977 ], [ 126.917571619235375, 37.473540276391361 ], [ 126.917547381224395, 37.473508775216068 ], [ 126.917484320829999, 37.473426819292335 ], [ 126.917476527028384, 37.473416689258848 ], [ 126.917516125196528, 37.473337745194691 ], [ 126.917578740582059, 37.473237444213545 ], [ 126.917626474120752, 37.473152712025218 ], [ 126.917630245349827, 37.473147372937376 ], [ 126.917640562736096, 37.473131494980052 ], [ 126.91768772301009, 37.473061890144713 ], [ 126.917691315101976, 37.472999174191322 ], [ 126.917691501119748, 37.472995896866841 ], [ 126.917674367112625, 37.472986337344167 ], [ 126.917657483102943, 37.472976916057604 ], [ 126.91763241157085, 37.472962927792175 ], [ 126.91756636195737, 37.472926075578926 ], [ 126.917475331014458, 37.472875285950764 ], [ 126.917462027880703, 37.472867863476239 ], [ 126.91746159322139, 37.472867621571922 ], [ 126.917441976561022, 37.472869616009191 ], [ 126.917381594115426, 37.472875752186908 ], [ 126.917384185408451, 37.47287833023065 ], [ 126.917392118614472, 37.472886227391683 ], [ 126.917162143148033, 37.472926674693134 ], [ 126.917156852234811, 37.472927605837391 ], [ 126.917101415657186, 37.472952184629222 ], [ 126.91706200289795, 37.472969658622219 ], [ 126.917046030563057, 37.472958772531832 ], [ 126.917027218980095, 37.472946220240701 ], [ 126.916489250822792, 37.472587257729167 ], [ 126.916489758855008, 37.472584752658364 ], [ 126.916504930679622, 37.472509909358067 ], [ 126.916504985974868, 37.472509633815378 ], [ 126.9164455037604, 37.472465465531748 ], [ 126.915440602980226, 37.47164482464219 ], [ 126.915001605492677, 37.471538054751463 ], [ 126.91471853868461, 37.471469209711856 ], [ 126.914756192872957, 37.471265177177841 ], [ 126.914815446424868, 37.470944006452868 ], [ 126.914815735094606, 37.470943824005289 ], [ 126.914865469811105, 37.470912461453956 ], [ 126.914866074416963, 37.470912080469155 ], [ 126.914887687046971, 37.470898430054341 ], [ 126.9148894578003, 37.470856676165937 ], [ 126.91489074228403, 37.470839873987678 ], [ 126.914866946233005, 37.470811412022854 ], [ 126.914849274475571, 37.470786803945877 ], [ 126.914811563739207, 37.470734289706016 ], [ 126.914755084484227, 37.470657590977211 ], [ 126.914751678068512, 37.470650795887032 ], [ 126.91475168380056, 37.470636136215539 ], [ 126.914748525157123, 37.470498785933678 ], [ 126.914748513618449, 37.470498380265056 ], [ 126.914748445210392, 37.470495405442058 ], [ 126.914751186369003, 37.470490488586123 ], [ 126.914751203232072, 37.470456125264967 ], [ 126.914751263992173, 37.470433247275558 ], [ 126.914732487021723, 37.470413484819275 ], [ 126.914707449525309, 37.4703805170885 ], [ 126.914706727524859, 37.47037956528267 ], [ 126.914643035240786, 37.470295693808666 ], [ 126.914642572996655, 37.470295076792006 ], [ 126.914640088238741, 37.470291767312041 ], [ 126.914539050334398, 37.470157222052222 ], [ 126.914528085332378, 37.47013662755645 ], [ 126.914456961417926, 37.469978367864059 ], [ 126.914393930290785, 37.469839107417371 ], [ 126.914383369720213, 37.469812924683637 ], [ 126.914367827105139, 37.469777678429587 ], [ 126.914367522643005, 37.469776986479658 ], [ 126.914305337978632, 37.46963595630298 ], [ 126.9143054918502, 37.469630729183734 ], [ 126.914261500275828, 37.469529055959995 ], [ 126.914227896361751, 37.469455435832479 ], [ 126.914233542366233, 37.469442159763084 ], [ 126.914264153232168, 37.46935601900261 ], [ 126.914292651834245, 37.469276220540976 ], [ 126.914311785755956, 37.469222643058764 ], [ 126.914366703405904, 37.469076478662224 ], [ 126.914435149699059, 37.468890984676662 ], [ 126.914439684222089, 37.468879707710421 ], [ 126.914433655442011, 37.468853195904742 ], [ 126.914413786478136, 37.468771973320322 ], [ 126.914415802444168, 37.468768830356851 ], [ 126.914378520931521, 37.468603332728868 ], [ 126.914409042643911, 37.46858349725494 ], [ 126.914442380333, 37.468562482328132 ], [ 126.914549872280347, 37.468494717171957 ], [ 126.914569275501961, 37.468482542202082 ], [ 126.914649827087729, 37.46843200004804 ], [ 126.914785596892486, 37.468346387228834 ], [ 126.914771284375789, 37.468308868475766 ], [ 126.914729860330851, 37.46819728415587 ], [ 126.914713404113641, 37.468156385496485 ], [ 126.914675943454043, 37.468066320006599 ], [ 126.914668873635222, 37.468041194751052 ], [ 126.914647229780599, 37.467990642065068 ], [ 126.914646746906115, 37.467986001278504 ], [ 126.914629151239581, 37.467934469936438 ], [ 126.914619109874593, 37.467907711115515 ], [ 126.914623233964605, 37.467899604891286 ], [ 126.914649856296393, 37.467879171361574 ], [ 126.914702462944703, 37.467842097648621 ], [ 126.914714598494371, 37.467833486682743 ], [ 126.914889155892439, 37.467709624676722 ], [ 126.915017323387914, 37.467618536931617 ], [ 126.915212599242878, 37.467480719406637 ], [ 126.91533638752405, 37.467393672964519 ], [ 126.915358597045312, 37.467375984611081 ], [ 126.915387292715906, 37.467360228408964 ], [ 126.915443125385721, 37.467338780062228 ], [ 126.915548350184693, 37.46729824724698 ], [ 126.915555580976985, 37.467295461756066 ], [ 126.915582113124444, 37.467285245376274 ], [ 126.915602424015674, 37.467276690975531 ], [ 126.915707995424199, 37.467129415344722 ], [ 126.915729671442008, 37.467099177359323 ], [ 126.915741644558722, 37.467077841893563 ], [ 126.915723593612626, 37.46705117425563 ], [ 126.915716908079503, 37.467041297452134 ], [ 126.915685454707287, 37.466992952544004 ], [ 126.915629693151502, 37.466907245047935 ], [ 126.915620172631961, 37.466890686863046 ], [ 126.915538654489737, 37.466825719314436 ], [ 126.915484199291981, 37.466781701577027 ], [ 126.915458697247303, 37.466752301073896 ], [ 126.915415326310892, 37.46669030734153 ], [ 126.915337676662318, 37.466584887751935 ], [ 126.91525900073438, 37.466478413849252 ], [ 126.915240738157763, 37.466455001700503 ], [ 126.915135865098506, 37.466362986574509 ], [ 126.915122133477794, 37.46635093863965 ], [ 126.91497922732708, 37.466226027485519 ], [ 126.914886427380338, 37.466144193274282 ], [ 126.914863965735037, 37.46612665156011 ], [ 126.914811872646766, 37.465994129899947 ], [ 126.914765306260165, 37.465870865508201 ], [ 126.914759443858088, 37.465849281361471 ], [ 126.914728309029726, 37.465763988338168 ], [ 126.914662788283664, 37.465585306372496 ], [ 126.914645871465893, 37.465539163098967 ], [ 126.914318165559877, 37.46552068568483 ], [ 126.914088615553027, 37.465507857082819 ], [ 126.914039107184962, 37.465505278873614 ], [ 126.913977872281421, 37.465499224533481 ], [ 126.913723991655985, 37.465469330801234 ], [ 126.9135767467357, 37.465453202236958 ], [ 126.913564513892439, 37.465455337240435 ], [ 126.913532270514509, 37.465470314651178 ], [ 126.913292147588052, 37.465585708108918 ], [ 126.913067178341521, 37.46569339039997 ], [ 126.913043662616658, 37.465696769066867 ], [ 126.913010423151903, 37.465701285615971 ], [ 126.91283126566816, 37.465724856610429 ], [ 126.912767752429303, 37.465732927244055 ], [ 126.91256011821956, 37.465758999092735 ], [ 126.912552268842802, 37.465762226597533 ], [ 126.912521489201481, 37.465790397896207 ], [ 126.912414246403884, 37.465890602410269 ], [ 126.912399517212762, 37.465904363232447 ], [ 126.912398120611172, 37.465905668666935 ], [ 126.912399539156652, 37.465925543485618 ], [ 126.912399922283896, 37.465930917492997 ], [ 126.912399428368104, 37.466099206051858 ], [ 126.912399622014021, 37.466240617685393 ], [ 126.912400090757856, 37.466273773817207 ], [ 126.912257376403062, 37.466382076262349 ], [ 126.912047978428717, 37.466538386655444 ], [ 126.91187074781422, 37.466669213105455 ], [ 126.911796302799488, 37.466724946763428 ], [ 126.91178261601091, 37.466733216205718 ], [ 126.911687442455019, 37.46680341257278 ], [ 126.911653779875564, 37.466831255611375 ], [ 126.911647687330941, 37.466946497407676 ], [ 126.911642644714334, 37.467048107765272 ], [ 126.911640388379666, 37.467102257404036 ], [ 126.911638384475765, 37.467141945089132 ], [ 126.911279815411334, 37.467536003668748 ], [ 126.911137516458098, 37.467716979773812 ], [ 126.911111521078169, 37.467749782280976 ], [ 126.911100642677937, 37.467795003333876 ], [ 126.911094661994568, 37.467813408123703 ], [ 126.911092455085026, 37.467835543517801 ], [ 126.911052794070216, 37.468007352200175 ], [ 126.911043212298836, 37.468050892364033 ], [ 126.911041352960211, 37.468083784504778 ], [ 126.910999429523343, 37.468101575679917 ], [ 126.910958334268017, 37.468127960920178 ], [ 126.91083163970751, 37.468209306985763 ], [ 126.910822293601569, 37.468215307602925 ], [ 126.910571767725486, 37.468376603857124 ], [ 126.910340270822161, 37.468525811764664 ], [ 126.91015713777665, 37.468644060103941 ], [ 126.910155562413436, 37.468645077085171 ], [ 126.91011781201874, 37.468668680907271 ], [ 126.910083865623491, 37.468691158081114 ], [ 126.91006362190636, 37.468704562976647 ], [ 126.910014410811939, 37.46873715017621 ], [ 126.909972696807785, 37.468765482519636 ], [ 126.909962555512834, 37.468774223734961 ], [ 126.909968599815969, 37.468786616955292 ], [ 126.909967227390027, 37.468790877135262 ], [ 126.910029471037433, 37.468890901654703 ], [ 126.910072336861887, 37.468959776683263 ], [ 126.910125213480711, 37.469044733239549 ], [ 126.910144922191151, 37.469076399015265 ], [ 126.910240019470294, 37.469229498985385 ], [ 126.910253320006035, 37.469250466077852 ], [ 126.910227537920846, 37.469294577891304 ], [ 126.910143597359138, 37.469448357954882 ], [ 126.910052723629647, 37.469613144983654 ], [ 126.910034280301161, 37.46964665735792 ], [ 126.910029820974529, 37.469649427502489 ], [ 126.909995067014037, 37.4697117145313 ], [ 126.909969619452212, 37.469758259820203 ], [ 126.909949216390032, 37.469796069086428 ], [ 126.909950681096248, 37.469799350135531 ], [ 126.909949727871506, 37.469803221218143 ], [ 126.909943458958466, 37.469806732253474 ], [ 126.909876620020171, 37.469861480497435 ], [ 126.909816347992276, 37.469911770933649 ], [ 126.909813958284317, 37.46991783235277 ], [ 126.909809884508391, 37.469929958715376 ], [ 126.909800383074696, 37.470036222911986 ], [ 126.909798716192256, 37.470067142005874 ], [ 126.909760992740686, 37.470124894715333 ], [ 126.909667674381438, 37.470274182067364 ], [ 126.909653903485435, 37.47029447135391 ], [ 126.909564815361421, 37.470438724934453 ], [ 126.909544177070302, 37.470472027959218 ], [ 126.909549599748559, 37.470503216826842 ], [ 126.909573296799749, 37.470621346516616 ], [ 126.909586311672285, 37.470690428576745 ], [ 126.909590072994646, 37.47069402576453 ], [ 126.909587839802725, 37.470699736430326 ], [ 126.909465836493126, 37.470871147433286 ], [ 126.909360827519123, 37.471021171089916 ], [ 126.909251872609389, 37.471177349225854 ], [ 126.909241124561248, 37.471193153991457 ], [ 126.909128917330776, 37.471358156271137 ], [ 126.909088499160788, 37.471414869528047 ], [ 126.909042013148152, 37.471469920964338 ], [ 126.908959040300175, 37.471571559564886 ], [ 126.908873981612984, 37.471675954839995 ], [ 126.908788930107121, 37.471780413182216 ], [ 126.90877240082915, 37.471801079747017 ], [ 126.908732493295403, 37.471893256672494 ], [ 126.908654367732979, 37.472076721180237 ], [ 126.908623913715573, 37.472147877025357 ], [ 126.90861530221548, 37.472158304103601 ], [ 126.908571536286928, 37.472186526508168 ], [ 126.908501985642317, 37.472231376073147 ], [ 126.908468494184149, 37.472252972609574 ], [ 126.908436370900446, 37.472275744146529 ], [ 126.908435635064492, 37.472276986139725 ], [ 126.908434489106014, 37.472278894887502 ], [ 126.908426345942885, 37.472292168983131 ], [ 126.908253894294276, 37.47258101282732 ], [ 126.908227647855071, 37.472625343580106 ], [ 126.90821458596416, 37.472647402901046 ], [ 126.908201975973483, 37.472669233736049 ], [ 126.908197312730707, 37.472683491499922 ], [ 126.908199699182788, 37.472686333717419 ], [ 126.908207548707466, 37.472695682259591 ], [ 126.908271961265683, 37.472738455217417 ], [ 126.908280415881279, 37.472744069753759 ], [ 126.90843581026428, 37.47284378993615 ], [ 126.908436455089586, 37.472844195170275 ], [ 126.908523519259091, 37.472900879386358 ], [ 126.908585931458518, 37.472941513151298 ], [ 126.908657671379217, 37.472968968838074 ], [ 126.90879704123779, 37.473013587638839 ], [ 126.909030365439904, 37.473091076449435 ], [ 126.90922780582224, 37.4731534715187 ], [ 126.909286238335952, 37.473172906703752 ], [ 126.909464836913813, 37.47318899454374 ], [ 126.909565360650731, 37.473196469810389 ], [ 126.909608493633868, 37.473201152469215 ], [ 126.909858062745997, 37.473273615523617 ], [ 126.909942479529164, 37.473298404433059 ], [ 126.909949558428124, 37.473305401874356 ], [ 126.910006506252444, 37.473393186493475 ], [ 126.910022596602929, 37.473417571058462 ], [ 126.910255397137533, 37.47350042513083 ], [ 126.910525753129789, 37.473596095942035 ], [ 126.910543970386016, 37.473597948078357 ], [ 126.910615744315251, 37.473604682325366 ], [ 126.910715539152235, 37.473614045831624 ], [ 126.910745106614215, 37.473619626676417 ], [ 126.910806965859294, 37.473686700558666 ], [ 126.91084400441899, 37.473725982558975 ], [ 126.91093689990889, 37.473824502672137 ], [ 126.910985792851775, 37.47387635457747 ], [ 126.911023551907036, 37.473915793343444 ], [ 126.91107305829189, 37.474213484690225 ], [ 126.911329533856872, 37.474478217116804 ], [ 126.911359244599865, 37.47450696342532 ], [ 126.911308400384357, 37.47472859562923 ], [ 126.911295065170819, 37.474786720864117 ], [ 126.911293868067986, 37.474797749324836 ], [ 126.911303412713437, 37.474858526779485 ], [ 126.911315367882239, 37.474918959304929 ], [ 126.91131262945909, 37.47493948220265 ], [ 126.911263518146683, 37.475042800837628 ], [ 126.91120458851475, 37.475166776519245 ], [ 126.911181435934566, 37.475211988632928 ], [ 126.91124744533019, 37.475401736140526 ], [ 126.911298717447067, 37.475565963944057 ], [ 126.911328583421152, 37.47566162874341 ], [ 126.911338618724102, 37.475700673286845 ], [ 126.911347245982213, 37.475734238670384 ], [ 126.911361555927201, 37.475789921040686 ], [ 126.911361077514684, 37.475803909534562 ], [ 126.911355007512356, 37.475981566677689 ], [ 126.911567374063566, 37.476242120011662 ], [ 126.9116162685484, 37.476302107305621 ], [ 126.911800513297877, 37.476832728302739 ], [ 126.91180793802009, 37.476854108514949 ], [ 126.91179578425897, 37.477062788041593 ], [ 126.911801618543507, 37.477099067891125 ], [ 126.911811359435788, 37.477159568642534 ], [ 126.911810524469885, 37.477259750394616 ], [ 126.911809509210087, 37.477381635940354 ], [ 126.911812408366004, 37.47742891216113 ], [ 126.911813724900668, 37.477450405279171 ], [ 126.911833971454413, 37.477821039771925 ], [ 126.911650730519312, 37.478053285227091 ], [ 126.911600320693807, 37.478117176603845 ], [ 126.911098508904431, 37.478132361150195 ], [ 126.911071816553886, 37.478133167320408 ], [ 126.911049103271864, 37.478128904254405 ], [ 126.910641438026687, 37.478052388698508 ], [ 126.910611119492799, 37.478078998767195 ], [ 126.910511665663918, 37.478166282215163 ], [ 126.910475030590305, 37.478335826846994 ], [ 126.910470847562991, 37.47835519056941 ], [ 126.910455507993262, 37.478351700589776 ], [ 126.910066077263664, 37.478263112016236 ], [ 126.909823850059965, 37.478208008363694 ], [ 126.909623015449796, 37.478109662014973 ], [ 126.909521370938606, 37.478058222876399 ], [ 126.909459998365236, 37.478027162729482 ], [ 126.90937519113146, 37.47813252213539 ], [ 126.909391479572861, 37.478146064429808 ], [ 126.909191806693343, 37.478399602284384 ], [ 126.909165131534962, 37.478390884366945 ], [ 126.909121870549342, 37.478443451516753 ], [ 126.909066062263349, 37.478512944679899 ], [ 126.909092347239167, 37.478529707987022 ], [ 126.908997688393242, 37.47865595997547 ], [ 126.908963623079075, 37.478640500750387 ], [ 126.90889477609953, 37.478726230553562 ], [ 126.908858862540455, 37.478770949287188 ], [ 126.908883384099511, 37.478783144751993 ], [ 126.908732607230164, 37.478975685490745 ], [ 126.908691929210363, 37.479027631747478 ], [ 126.908650689020121, 37.479080295360347 ], [ 126.908779102596498, 37.47926646977843 ], [ 126.908692572658296, 37.479403555029506 ], [ 126.908769634446799, 37.479506677370864 ], [ 126.908791931834969, 37.479521558584942 ], [ 126.908820840873247, 37.479554139478523 ], [ 126.908829520820092, 37.479555372700666 ], [ 126.908849029596382, 37.479561293079257 ], [ 126.908933391288343, 37.479586891850566 ], [ 126.909031294126578, 37.479616598175859 ], [ 126.909093763757227, 37.479625111168865 ], [ 126.909103709190504, 37.479638571301138 ], [ 126.909013225138366, 37.480017803735208 ], [ 126.908998770710184, 37.480078384657752 ], [ 126.909935155539671, 37.48025247673197 ], [ 126.909926085289385, 37.48028317312032 ], [ 126.909925513602914, 37.480285108183061 ], [ 126.909918355989817, 37.48030932435136 ], [ 126.909887631342826, 37.480416619880558 ], [ 126.909847665222429, 37.480554791196411 ], [ 126.909806875993851, 37.480693337854667 ], [ 126.909785576045337, 37.480765687042378 ], [ 126.909783460528033, 37.480765315030141 ], [ 126.9097245271753, 37.480947095641824 ], [ 126.909723640447126, 37.480949825929002 ], [ 126.909733563768569, 37.48095161151933 ], [ 126.909737602670532, 37.480952338361277 ], [ 126.909740585546913, 37.480952874247762 ], [ 126.910110271982973, 37.481019250530316 ], [ 126.910943775777142, 37.481168902517467 ], [ 126.911012433231008, 37.481181229246452 ], [ 126.91101563863684, 37.481181804067113 ], [ 126.911022536232679, 37.481183042665101 ], [ 126.911030006470085, 37.481184383266559 ], [ 126.911298569064115, 37.481232603121789 ], [ 126.911479598843783, 37.481265105677622 ], [ 126.91193161151206, 37.481346261163125 ], [ 126.911976694014328, 37.481354355294393 ], [ 126.912408223835527, 37.481431826824277 ], [ 126.912408970416138, 37.481431960332678 ], [ 126.912411183042053, 37.481432357117562 ], [ 126.912412974380345, 37.481432677895953 ], [ 126.912414758932613, 37.481432998640557 ], [ 126.91316619129573, 37.48156790060839 ], [ 126.913373575538387, 37.481605130788331 ], [ 126.913661507157471, 37.48165681973412 ], [ 126.913683539763568, 37.481660776065787 ], [ 126.914497273074275, 37.481806852704516 ], [ 126.914499484591758, 37.481807249444856 ], [ 126.914500970989195, 37.481807515500364 ], [ 126.914538435740269, 37.48181424050135 ], [ 126.915443550552936, 37.481968775581713 ], [ 126.915444384176752, 37.481968916712468 ], [ 126.91550274283226, 37.481978882405897 ], [ 126.916185125354716, 37.482095383815334 ], [ 126.916198781782498, 37.482097713702508 ], [ 126.916271695086522, 37.482110161162979 ], [ 126.916841645450845, 37.48222504685409 ], [ 126.916844076814343, 37.482225538376866 ], [ 126.917571206083721, 37.482372103789857 ], [ 126.917574256320748, 37.482372719130296 ], [ 126.91787554722417, 37.48243344660024 ], [ 126.918127475588136, 37.482484226193733 ], [ 126.918130043627215, 37.482484743601198 ], [ 126.918131451863957, 37.482485028154656 ], [ 126.918132932374533, 37.482485327485755 ], [ 126.918137449594184, 37.482486237569368 ], [ 126.918191396459335, 37.482497111310792 ], [ 126.918198034532978, 37.482498446460326 ], [ 126.91820073129341, 37.482498992442189 ], [ 126.919105907278052, 37.482681432860858 ], [ 126.919534654888324, 37.482767846739648 ], [ 126.920021542947737, 37.48286597459721 ], [ 126.920023739468178, 37.482866417129856 ], [ 126.920033112795309, 37.482868305516483 ], [ 126.920048617175723, 37.482871430014001 ], [ 126.920213212792333, 37.482904602884041 ], [ 126.920441656994825, 37.482941102882663 ], [ 126.920645991737274, 37.482973748993778 ], [ 126.921110651223643, 37.48304798646371 ], [ 126.921191510731433, 37.483060905181262 ], [ 126.921544023811578, 37.483117225036111 ], [ 126.921573586609824, 37.483121947767032 ], [ 126.921576186684788, 37.483113327297026 ], [ 126.921680829977475, 37.482766375355865 ], [ 126.921757715740497, 37.482511460250294 ], [ 126.921877655602884, 37.482496477155657 ], [ 126.921912954069654, 37.482492067372533 ], [ 126.92194099199321, 37.482488564875368 ], [ 126.921947044518404, 37.482487808504629 ], [ 126.921876244639193, 37.482381017193333 ], [ 126.921784993253155, 37.482243373240493 ], [ 126.921783657239132, 37.482241347661585 ], [ 126.921783499501331, 37.482241121550267 ], [ 126.922024349322228, 37.482064395510299 ], [ 126.922096793399561, 37.482006603314602 ], [ 126.922097768723006, 37.482005823904267 ], [ 126.922171218727101, 37.481947228966021 ], [ 126.922172692059007, 37.481946111277573 ], [ 126.922263681918722, 37.481877153526071 ], [ 126.922363451507906, 37.481782551743443 ], [ 126.922326479733044, 37.48166219479269 ], [ 126.922327306034688, 37.481658440172119 ], [ 126.922349329591512, 37.481516273980787 ], [ 126.922349866281721, 37.481512820800148 ], [ 126.922385494571472, 37.48142612575684 ], [ 126.922405684462504, 37.481376974286199 ], [ 126.922406280351183, 37.481375233973885 ], [ 126.922412718520164, 37.481356398232315 ], [ 126.92242084825601, 37.481332629517674 ], [ 126.922440072638906, 37.481276365214768 ], [ 126.922442780935512, 37.481266153454094 ], [ 126.922448898415283, 37.481242985119508 ], [ 126.922510131701415, 37.481011316458151 ], [ 126.922553258660074, 37.480848161590565 ] ] ] } }
]
}
